name,artist,danceability,energy,key,loudness,mode,speechiness,acousticness,instrumentalness,liveness,valence,tempo,duration_ms,time_signature,realease_year
Through The Window,BLVKSHP,0.574,0.599,10,-9.967,1,0.177,0.764,0.812,0.141,0.325,179.74,165333,4,2022
90's Flavour,Konteks,0.781,0.346,6,-12.185,1,0.034,0.388,0.897,0.116,0.744,91.999,127826,4,2022
O Estrangeiro,Twit One,0.824,0.615,7,-12.859,1,0.0461,0.0447,0.58,0.105,0.732,90.508,70075,4,2022
Blue in Green,Jazzinuf,0.718,0.285,5,-9.944,1,0.0541,0.773,0.768,0.106,0.566,87.987,107027,4,2022
TM beat up,buggy beats,0.774,0.599,6,-6.337,0,0.287,0.133,0.414,0.273,0.673,89.937,159178,4,2022
Passage,GXNXSIS,0.492,0.337,9,-15.304,0,0.0368,0.573,0.902,0.102,0.175,75.92,126369,4,2022
Juno,Snazzy,0.673,0.387,1,-16.561,0,0.0473,0.404,0.809,0.11,0.104,88.007,147273,4,2022
Blurred,Mr. Käfer,0.631,0.466,4,-8.052,0,0.0524,0.81,0.888,0.103,0.414,80.987,173648,4,2022
Smile,KLIM,0.439,0.33,10,-10.62,0,0.0636,0.098,0.898,0.392,0.396,148.188,140000,1,2022
Fissure,Supereffective,0.676,0.67,5,-6.686,0,0.272,0.21,0.591,0.189,0.523,184.004,146192,4,2022
All 'Bout All,yeyts.,0.773,0.292,9,-10.008,1,0.114,0.537,0.833,0.102,0.425,79.225,135563,4,2022
Vibrations,Koralle,0.662,0.522,5,-6.07,0,0.0302,0.0142,0.826,0.107,0.923,90.048,171500,4,2022
Promenade,Oilix,0.601,0.361,8,-12.24,0,0.0381,0.272,0.802,0.129,0.357,166.021,141687,4,2022
November,Katashi Kaitō,0.686,0.332,10,-14.419,0,0.078,0.364,0.779,0.107,0.614,89.004,167211,4,2022
Funkfreed,Koby 808,0.692,0.469,3,-11.189,1,0.0618,0.147,0.85,0.128,0.415,83.024,156012,4,2022
Bubbles,Danæ,0.503,0.216,5,-13.166,0,0.0379,0.975,0.888,0.0973,0.0605,69.04,170652,4,2022
Lost Polaroids,amies,0.528,0.199,11,-22.233,0,0.0371,0.692,0.908,0.0907,0.105,140.029,192000,4,2022
アスパラガス農園 (asparagus farm),Various Artists,0.554,0.254,9,-15.994,0,0.032,0.552,0.869,0.0666,0.0763,133.978,168358,4,2022
Underneath the Tree,Dosi,0.55,0.328,2,-14.492,1,0.0435,0.778,0.643,0.134,0.155,144.0,146667,4,2022
Evergreen,Blank x Blank,0.744,0.492,0,-3.43,1,0.0322,0.481,0.799,0.114,0.459,140.126,139944,4,2022
Secret Mantra,squeeda,0.796,0.336,9,-10.074,0,0.0445,0.873,0.873,0.106,0.568,120.034,194625,4,2022
Diggin' Dirt - Jazzy James Soul Treat,Jazzy James,0.605,0.458,5,-12.584,0,0.0702,0.813,0.883,0.265,0.481,171.973,180673,4,2022
Three Ears - Dabey Soul Treat,Dabey,0.686,0.296,7,-12.094,1,0.0598,0.583,0.863,0.0978,0.644,163.996,149419,4,2022
Desert Love,FloFilz,0.684,0.652,6,-8.349,1,0.06,0.721,0.855,0.102,0.773,166.053,92529,4,2022
"look, an Apple",Wruce Billis,0.74,0.322,11,-7.177,1,0.0851,0.349,0.955,0.161,0.555,170.268,125647,4,2022
Fernweh,Dpsht,0.711,0.282,7,-10.852,1,0.168,0.897,0.774,0.0747,0.609,73.975,91622,4,2022
Roadmap,Smeeagain,0.684,0.275,6,-11.821,1,0.163,0.183,0.756,0.0786,0.624,78.008,123496,4,2022
Elijah's Dream,Glimlip,0.644,0.317,10,-12.39,0,0.189,0.327,0.315,0.0872,0.355,83.978,150179,4,2022
Ju!ce,Blasty B,0.647,0.599,8,-12.423,1,0.229,0.826,0.784,0.338,0.559,78.742,102152,4,2022
Lost in the Heart,Ramsey Road,0.775,0.375,5,-12.955,1,0.154,0.426,0.852,0.111,0.397,76.982,140524,4,2022
Sunny Side Of The Street,Jam'addict,0.695,0.336,7,-13.976,0,0.0812,0.81,0.784,0.138,0.572,88.139,90682,4,2022
Out Of The Box,Mr. Freed,0.891,0.491,11,-6.923,0,0.0425,0.289,0.458,0.121,0.512,88.051,130909,4,2022
Bleeding Heart,lowerkaze,0.774,0.472,7,-5.713,1,0.116,0.126,0.432,0.131,0.683,80.047,189000,4,2022
m o o d,Baila Sin Cesar,0.436,0.44,7,-12.552,1,0.0573,0.789,0.426,0.126,0.463,156.478,147317,4,2022
Watchtower dreams,Meryl Street,0.554,0.584,2,-4.284,1,0.0507,0.696,0.793,0.192,0.372,80.074,121500,4,2022
Nusa Dua,Kimmø,0.707,0.418,8,-7.954,1,0.0633,0.195,0.889,0.103,0.723,169.997,140139,4,2022
Haze,Kabuki,0.909,0.375,1,-9.691,1,0.052,0.0561,0.932,0.104,0.0511,110.012,253091,4,2022
"Get Dawn, Pt. I",Lex (de Kalhex),0.728,0.315,10,-8.741,0,0.0696,0.00302,0.934,0.12,0.718,87.702,175187,4,2022
Where Stories Live,PRGMAT,0.719,0.57,6,-7.091,1,0.0446,0.32,0.846,0.152,0.561,82.01,158570,4,2022
Tuesday,Elon Husky,0.763,0.502,7,-6.52,1,0.398,0.373,0.321,0.183,0.575,170.034,104507,4,2022
Blurry,Mosalla,0.557,0.396,5,-13.413,1,0.0689,0.88,0.858,0.801,0.0949,84.919,125250,4,2022
8 AM,SYNC.EXE,0.809,0.252,6,-11.558,1,0.353,0.0474,0.731,0.107,0.375,87.096,144943,4,2022
Exit: Planet Wave,Brenk Sinatra,0.643,0.283,8,-9.777,0,0.0623,0.767,0.802,0.17,0.495,92.537,177387,4,2022
Dior,Jokujekku,0.689,0.302,7,-10.301,1,0.0885,0.61,0.568,0.0993,0.161,154.094,155844,4,2022
carpool lane,Almo X,0.855,0.29,4,-11.547,0,0.312,0.338,0.875,0.101,0.321,93.048,146129,4,2022
Hot Stones,SamuW,0.511,0.287,9,-15.576,0,0.0329,0.806,0.395,0.0691,0.152,73.88,105439,4,2022
Yūgen,Juan Rios,0.738,0.439,10,-8.241,0,0.51,0.909,0.809,0.317,0.397,79.963,142893,4,2022
Berceuse,Pantone,0.798,0.361,1,-14.052,1,0.314,0.45,0.0813,0.394,0.229,75.996,129474,4,2022
Echoes,D0d.,0.491,0.039,6,-20.797,1,0.0361,0.973,0.935,0.106,0.124,60.001,144000,4,2022
until we sleep,Eric Goldander,0.816,0.295,8,-13.141,1,0.0516,0.372,0.89,0.108,0.519,78.951,141167,4,2022
Godspeed,Mu'gambi,0.793,0.442,8,-16.595,1,0.0841,0.855,0.929,0.0935,0.518,89.97,141067,4,2022
Have A Good Night,iTaZe,0.555,0.123,0,-15.392,0,0.0546,0.978,0.946,0.0896,0.299,75.012,152838,4,2022
sky,MF Eistee,0.591,0.348,5,-10.333,1,0.499,0.511,0.00267,0.177,0.333,161.35,106667,4,2022
Paradise,YetBaby,0.398,0.51,11,-9.822,0,0.0496,0.42,0.946,0.109,0.341,154.293,150086,4,2022
Why Did You,HATAMITSUNAMI,0.63,0.382,0,-10.117,0,0.0785,0.462,0.618,0.178,0.262,77.976,173771,4,2022
4 Da Soul,L E F,0.66,0.283,4,-14.045,0,0.0638,0.372,0.906,0.165,0.269,79.981,150871,4,2022
Solar Wind,El Jazzy Chavo,0.635,0.674,10,-9.492,0,0.0318,0.335,0.881,0.407,0.577,171.974,160000,4,2022
Autumn Theory,CrazyJaZz,0.766,0.262,5,-14.701,0,0.0396,0.633,0.838,0.118,0.348,84.955,113000,4,2022
Agra,Lofi Cities,0.565,0.375,4,-13.695,1,0.0321,0.876,0.895,0.102,0.085,139.988,154286,4,2022
ILY Eeve,Au-Gustí,0.64,0.575,4,-9.28,1,0.135,0.277,0.89,0.116,0.146,149.96,146867,4,2022
Smoke,Lou Filou,0.645,0.55,9,-7.127,0,0.036,0.0478,0.929,0.423,0.0382,93.016,125444,4,2022
Colors Clear,Linkrust,0.524,0.401,0,-13.503,1,0.09,0.541,0.91,0.119,0.0398,76.926,175282,4,2022
Este Amor,Mylo B,0.811,0.333,10,-11.084,0,0.122,0.75,0.744,0.0997,0.507,77.978,123149,4,2022
The Exchange,Ben Jammin' Beats,0.613,0.236,8,-13.088,1,0.0443,0.733,0.722,0.148,0.281,86.061,151395,4,2022
Empire Faith Building,Cmd q,0.742,0.364,0,-12.697,0,0.0422,0.741,0.899,0.0695,0.444,179.91,113667,4,2022
Hoopers Paradise,Mamoosh,0.65,0.374,4,-13.321,0,0.0484,0.395,0.849,0.155,0.256,86.985,148507,4,2022
Nightfall,Mellow.,0.784,0.157,2,-12.174,0,0.0811,0.886,0.931,0.0942,0.594,221.881,120010,3,2022
Two Seasons,Donkeychote,0.761,0.327,11,-13.197,1,0.0652,0.831,0.953,0.102,0.6,74.979,136865,4,2022
Limesoda,ron quixote,0.798,0.44,2,-7.277,0,0.0722,0.726,0.915,0.104,0.388,170.077,142375,4,2022
Multi-Level Approach,Chuttersnap,0.65,0.84,3,-8.101,1,0.15,0.386,0.929,0.761,0.944,170.084,132706,4,2022
Vanilla,ZeDe,0.694,0.698,0,-9.739,1,0.131,0.091,0.868,0.119,0.766,172.075,147907,4,2022
Bossa De Flauta,Papi Churro,0.815,0.579,9,-7.366,1,0.277,0.34,0.89,0.14,0.881,85.947,114419,4,2022
Jaguar's Yoghurt Treat,Burrito Eats,0.652,0.494,8,-9.335,0,0.024,0.701,0.913,0.227,0.634,80.021,111375,4,2022
Seaside Stroll,Tenda Senda,0.644,0.179,4,-19.959,0,0.036,0.189,0.759,0.121,0.228,146.117,147945,4,2022
Ichika,Neko Kedi,0.681,0.299,2,-13.06,1,0.0556,0.941,0.91,0.258,0.566,82.045,122927,4,2022
Reflections,CRFT,0.688,0.126,8,-17.372,1,0.0979,0.99,0.955,0.111,0.385,73.538,120750,4,2022
Lost Coast,Tree60,0.642,0.501,9,-11.338,0,0.0326,0.505,0.828,0.115,0.364,82.003,163940,4,2022
Fly Off,Linkrust,0.671,0.34,6,-9.553,0,0.042,0.197,0.619,0.102,0.452,86.037,166672,4,2022
Don't Let It Cloud Your View,Inf,0.634,0.469,7,-10.279,0,0.138,0.0538,0.501,0.111,0.809,88.145,111818,4,2022
What You Need,Sugar Coast,0.656,0.512,7,-6.552,1,0.0349,0.371,0.331,0.171,0.851,159.954,137842,4,2022
Cirrus,Czapter,0.682,0.216,0,-15.85,1,0.0638,0.865,0.924,0.119,0.238,111.873,108571,5,2022
Sunday Clouds,Loufish,0.6,0.0951,1,-14.334,0,0.0486,0.861,0.884,0.105,0.398,170.158,90353,4,2022
Shifts,KaspaHauser,0.701,0.347,11,-12.167,0,0.252,0.896,0.0562,0.113,0.748,103.944,148613,4,2022
Red Space,Dennis Duzhmer,0.724,0.403,0,-13.866,1,0.0455,0.14,0.816,0.109,0.594,95.005,126438,4,2022
Balancing Act,Thin Wire,0.619,0.347,2,-16.198,0,0.075,0.725,0.878,0.731,0.623,78.015,100076,4,2022
lost,Wieland & Ulrich,0.823,0.267,11,-10.236,0,0.0699,0.691,0.874,0.105,0.337,90.036,139667,4,2022
snow flowers,flamingo zamperoni,0.561,0.333,6,-13.941,1,0.141,0.628,0.794,0.116,0.298,88.138,122500,4,2022
The Road Continues,éurdún,0.785,0.561,2,-11.116,0,0.0522,0.227,0.869,0.106,0.708,145.941,107215,4,2022
October,Oslo,0.675,0.391,10,-16.962,0,0.0483,0.574,0.925,0.129,0.882,80.012,117000,4,2022
Everything,Lisa_Juice,0.699,0.32,4,-11.274,0,0.0287,0.429,0.87,0.112,0.565,79.975,111687,4,2022
Mesa Rework,Seaspray,0.756,0.486,0,-6.756,1,0.0562,0.543,0.719,0.081,0.511,149.133,110599,4,2022
Velvet,Peter Kind,0.701,0.379,10,-10.377,0,0.156,0.446,0.176,0.144,0.794,81.063,150037,4,2022
Late Night Opening at the Aquarium,M e a d o w,0.703,0.294,1,-10.991,1,0.0343,0.923,0.914,0.105,0.137,96.022,135166,4,2022
Steam,Tomh.,0.664,0.409,10,-16.125,0,0.109,0.228,0.889,0.0898,0.234,80.032,135774,4,2022
Hello,Spaceman,0.663,0.481,2,-8.206,0,0.0553,0.483,0.913,0.113,0.509,80.028,132993,4,2022
Distant View,sleepsleepsleep,0.59,0.476,5,-9.555,1,0.151,0.743,0.851,0.0994,0.388,168.137,102857,4,2022
Day One,DHANYA,0.701,0.473,4,-10.935,0,0.288,0.0561,0.858,0.1,0.632,196.07,133261,4,2022
cloudsleeper,damaa.beats,0.683,0.203,2,-8.71,0,0.0474,0.713,0.84,0.146,0.475,79.997,159000,4,2022
Mirage,elmo,0.601,0.489,5,-7.925,0,0.037,0.459,0.89,0.0709,0.151,91.147,197678,4,2022
What would Mr. Wellington say?,Mean Dartin,0.842,0.516,9,-12.982,1,0.0493,0.735,0.892,0.0922,0.485,119.923,161000,4,2022
Again Again,Dexter,0.655,0.703,5,-11.324,0,0.178,0.148,0.865,0.364,0.848,136.488,110236,4,2022
Low Key Hype,Michael Danny,0.68,0.297,2,-11.894,0,0.0362,0.0922,0.881,0.103,0.34,81.985,146341,4,2022
Sunflower,Gyatso,0.623,0.0293,7,-26.924,1,0.0481,0.947,0.925,0.114,0.199,120.086,113500,4,2022
Echoes,the.lazyb,0.511,0.288,4,-12.254,1,0.164,0.59,0.84,0.0751,0.299,87.043,132400,4,2022
Sleepyhead,Sir. Avalon,0.588,0.361,3,-9.981,0,0.0317,0.448,0.915,0.263,0.495,79.985,134545,4,2022
Midnight Smoke,Spectacular Diagnostics,0.758,0.434,5,-9.098,0,0.0299,0.589,0.811,0.168,0.655,82.011,105349,4,2022
Resurrection,illuZion,0.772,0.449,6,-8.611,1,0.0455,0.882,0.543,0.11,0.484,92.979,178887,4,2022
done,alfrer,0.61,0.0847,7,-19.96,1,0.0739,0.69,0.929,0.0988,0.0486,153.697,177662,4,2022
Funkup Wave,Toni Palermo,0.792,0.241,8,-11.933,0,0.245,0.618,0.804,0.118,0.633,141.923,140962,4,2022
Venice Sun,Rocket Jr,0.678,0.664,9,-8.242,0,0.0924,0.462,0.929,0.104,0.3,174.069,184122,4,2022
Good Old Times,Ouflen,0.484,0.301,2,-14.852,1,0.0362,0.978,0.897,0.105,0.363,129.828,121538,4,2022
Romance,Am Froggo,0.776,0.178,3,-10.957,0,0.0508,0.971,0.866,0.256,0.273,99.026,87273,4,2022
Not Me,Klode Chill,0.91,0.339,2,-9.737,1,0.0883,0.336,0.832,0.109,0.61,136.057,139412,4,2022
Hot Chocolate,LONELY ONES,0.693,0.562,2,-7.406,1,0.0448,0.364,0.857,0.16,0.208,90.023,148000,4,2022
amanhecendo,LYFE,0.669,0.259,7,-13.944,1,0.074,0.619,0.788,0.146,0.231,78.045,126154,4,2022
Earthbound,Paper Street Company,0.707,0.74,2,-4.878,1,0.0433,0.353,0.82,0.0847,0.602,74.964,142418,4,2022
Still,Sickboi Henry,0.668,0.234,5,-21.928,1,0.118,0.405,0.817,0.124,0.498,78.031,147692,4,2022
New Actress,Dojen Mirror,0.654,0.375,6,-13.784,0,0.0339,0.842,0.887,0.362,0.181,114.049,151579,4,2022
B_L_A_Z_E_R,TiL TaiLor,0.573,0.631,4,-5.129,0,0.045,0.308,0.164,0.76,0.697,76.962,135584,1,2022
Santa Anna,Tom Doolie,0.694,0.664,1,-11.054,1,0.337,0.164,0.88,0.108,0.119,81.796,120343,4,2022
Enchanted,Moetown,0.542,0.0712,0,-22.886,1,0.0351,0.979,0.887,0.0739,0.0825,119.976,145521,4,2022
Demora,Lito Akari,0.824,0.513,1,-12.011,0,0.0656,0.486,0.594,0.11,0.521,76.961,104651,4,2022
Ribeira,Pat Poker,0.677,0.238,5,-14.695,1,0.0543,0.967,0.9,0.0864,0.0676,70.99,162850,3,2022
Bustlin,LESKY,0.737,0.547,4,-7.851,0,0.0975,0.327,0.812,0.232,0.585,92.034,105652,4,2022
Shape,Jam'addict,0.684,0.187,2,-12.008,1,0.0987,0.925,0.901,0.101,0.297,79.997,108921,4,2022
Low Battery,Jokujekku,0.694,0.303,11,-11.62,0,0.043,0.773,0.864,0.683,0.472,136.031,134329,4,2022
Floater,Auxjack,0.717,0.634,9,-10.522,0,0.0766,0.864,0.941,0.354,0.567,79.929,122745,4,2022
Half Light,softy,0.54,0.229,0,-10.669,1,0.0397,0.979,0.891,0.153,0.126,61.858,175161,4,2022
Dark Daylight,Fed Nance,0.643,0.299,8,-11.441,0,0.0513,0.691,0.897,0.109,0.165,83.025,155602,4,2022
In The Beginning,Myríad,0.485,0.162,10,-20.156,0,0.0339,0.922,0.955,0.108,0.0616,143.943,136667,4,2022
Forms,Mr. Käfer,0.632,0.302,6,-11.719,1,0.0435,0.194,0.839,0.116,0.705,147.428,156000,4,2022
Complete,xander.,0.643,0.644,1,-9.393,0,0.0599,0.371,0.839,0.16,0.348,164.919,217779,4,2022
Summer Haze,ØDYSSEE,0.594,0.591,0,-10.109,1,0.0843,0.344,0.862,0.962,0.5,90.013,128000,4,2022
Upside Down,Snazzy,0.719,0.355,1,-9.975,1,0.0664,0.881,0.308,0.113,0.41,144.93,119500,4,2022
peas out,Cherrygroove,0.844,0.62,0,-5.663,1,0.231,0.274,0.662,0.448,0.742,170.068,124850,4,2022
Again,Zmeyev,0.848,0.308,9,-9.695,0,0.0749,0.539,0.852,0.111,0.233,92.027,156522,4,2022
Smile,Civin,0.668,0.376,1,-10.722,1,0.0642,0.833,0.727,0.373,0.713,82.98,120873,4,2022
I Need To Feel,Two Muses After,0.608,0.346,7,-12.613,0,0.0498,0.678,0.473,0.114,0.0646,89.992,199569,4,2022
It's Ok To Be Sad - Instrumental,sloh rou,0.739,0.383,5,-11.434,0,0.0293,0.691,0.781,0.115,0.412,101.016,121188,4,2022
Aftermath,Beamer,0.887,0.35,11,-7.634,1,0.11,0.113,0.88,0.109,0.305,82.494,174997,4,2022
johnny,Wieland & Ulrich,0.873,0.285,6,-13.012,0,0.557,0.572,5.6e-06,0.2,0.799,91.5,149000,4,2022
Rain Dance,KaspaHauser,0.669,0.212,4,-11.454,1,0.306,0.718,0.0315,0.14,0.346,83.941,160000,4,2022
Serenity,Sleep Tales,0.368,0.193,8,-18.209,0,0.0297,0.838,0.941,0.102,0.0711,94.052,122400,4,2022
Niki's Halva,Jules Hiero,0.733,0.222,0,-14.28,1,0.0385,0.956,0.902,0.0981,0.0978,131.93,140000,4,2022
Você E Eu,Myríad,0.689,0.453,8,-10.109,1,0.447,0.806,0.903,0.106,0.76,172.175,156279,4,2022
Talk To Me,Uevo,0.678,0.186,9,-9.352,1,0.0345,0.888,0.864,0.105,0.299,74.997,122667,4,2022
Friendly Faces,Oscar Hollis,0.772,0.525,2,-11.789,1,0.152,0.841,0.44,0.113,0.115,129.975,179077,4,2022
Keep Swimming,Dpsht,0.739,0.232,8,-10.297,0,0.124,0.877,0.889,0.0865,0.673,69.929,142474,4,2022
Traces,Glimlip,0.727,0.38,0,-12.458,1,0.116,0.575,0.504,0.147,0.548,82.133,129009,4,2022
Walking on Clouds,paris91,0.791,0.541,8,-8.916,0,0.0486,0.101,0.903,0.0882,0.882,148.002,135405,4,2022
Raindrops And Breakups,Florence Ada,0.489,0.336,7,-13.657,0,0.0854,0.779,0.939,0.12,0.376,84.021,114286,4,2022
When it Rains I Think of You,Sleep Tales,0.504,0.123,2,-20.507,1,0.0287,0.99,0.925,0.0983,0.0578,136.033,170400,4,2022
Mountain,the intern,0.494,0.419,10,-9.08,0,0.144,0.087,0.92,0.193,0.751,117.187,115285,5,2022
The Calm Place,Zmeyev,0.687,0.201,7,-9.523,0,0.301,0.619,0.917,0.0896,0.32,158.7,156000,4,2022
Wasauchimmeresist,Twit One,0.709,0.245,6,-12.285,0,0.132,0.903,0.927,0.107,0.356,159.919,150114,4,2022
be quiet,DAISI,0.769,0.109,8,-15.159,0,0.0471,0.581,0.801,0.0944,0.509,79.957,81685,4,2022
Mutual desire,Lunatic Sad,0.808,0.406,0,-10.081,1,0.0806,0.944,0.902,0.106,0.643,78.996,101772,4,2022
Spirit of Eien,Nogymx,0.499,0.373,4,-12.528,1,0.108,0.223,0.756,0.0958,0.164,170.172,209294,3,2022
Goiaba,Oaty.,0.757,0.679,10,-9.74,0,0.0864,0.619,0.828,0.109,0.374,103.016,139806,4,2022
"My Point, Exactly",Recaps,0.906,0.373,8,-9.453,1,0.215,0.181,0.479,0.0946,0.646,87.006,135652,4,2022
Froggy,LAV8,0.946,0.526,0,-8.91,0,0.359,0.804,0.611,0.113,0.532,140.005,137319,4,2022
Always,niquo,0.612,0.231,9,-15.83,1,0.0295,0.972,0.907,0.091,0.091,98.095,172388,4,2022
Dresden,Worldtraveller,0.701,0.25,0,-14.627,1,0.0359,0.782,0.68,0.136,0.101,116.002,132942,4,2022
Kite,Moderator,0.832,0.264,8,-16.108,0,0.349,0.232,0.696,0.112,0.45,81.018,143704,4,2022
Between Us,BƱBBLE,0.559,0.588,0,-8.969,1,0.183,0.757,0.743,0.072,0.129,70.401,116589,4,2022
Permanent Vacation,Polo Stay,0.511,0.232,1,-12.392,1,0.119,0.575,0.841,0.12,0.699,160.355,78000,4,2022
Sun Touched,J. Lorenzo,0.782,0.467,1,-10.136,0,0.0648,0.825,0.84,0.16,0.638,77.027,163784,4,2022
It Will Be Okay,Signature D,0.501,0.247,4,-8.406,1,0.0313,0.75,0.866,0.111,0.276,176.123,138526,3,2022
Particles,alt.bin.beats,0.802,0.268,2,-14.698,1,0.0898,0.825,0.696,0.336,0.673,90.014,152667,4,2022
Few & Far Between,squeeda,0.672,0.282,11,-16.97,1,0.0403,0.919,0.896,0.0781,0.166,127.962,175123,4,2022
Sunflakes,RLLBTS,0.697,0.575,0,-9.67,0,0.0406,0.00291,0.612,0.106,0.685,88.014,134318,4,2022
Will They Try - Beat Edit,Isatta Sheriff,0.749,0.547,4,-10.824,0,0.0432,0.0459,0.454,0.266,0.378,82.987,173813,4,2022
Second Chance,Saiko,0.64,0.449,7,-8.37,0,0.103,0.184,0.856,0.114,0.333,85.197,118588,4,2022
foreplay perfume,Knowsum,0.759,0.33,2,-9.63,0,0.0659,0.00544,0.842,0.133,0.448,84.985,115765,4,2022
Cat's Cradle,Various Artists,0.766,0.227,8,-11.91,1,0.0335,0.625,0.959,0.129,0.14,114.002,187643,4,2022
WAYWAY,Kim Kozy,0.689,0.282,10,-15.179,0,0.266,0.523,0.763,0.125,0.429,172.019,149333,4,2022
Kizakura,No Spirit,0.562,0.699,3,-9.105,0,0.0377,0.646,0.874,0.101,0.358,82.986,185813,4,2022
Aubade,Tom Doolie,0.808,0.207,9,-14.228,1,0.0819,0.889,0.931,0.145,0.666,124.083,111253,4,2022
Nebula,Moderator,0.649,0.438,5,-12.505,0,0.0442,0.0602,0.81,0.124,0.267,81.591,167647,4,2022
Crystallized,Goson,0.654,0.373,7,-10.444,1,0.0595,0.65,0.784,0.104,0.315,85.022,126030,4,2022
Sleep Tight,Dontcry,0.728,0.178,4,-19.544,0,0.0911,0.83,0.896,0.0638,0.148,130.379,118154,4,2022
Jelly,Prigida,0.803,0.706,8,-8.68,1,0.0485,0.712,0.155,0.0986,0.392,114.748,163256,5,2022
When Our Eyes Met,Natasha Ghosh,0.647,0.0958,7,-20.602,1,0.115,0.925,0.898,0.178,0.532,76.041,64000,4,2022
Zzz..,mt. fujitive,0.482,0.0253,11,-19.649,1,0.0615,0.945,0.926,0.0943,0.433,186.922,77883,3,2022
Lucid,Tonion,0.639,0.444,8,-11.793,1,0.0858,0.212,0.841,0.114,0.23,168.0,171429,4,2022
Daylight,Phlocalyst,0.78,0.334,0,-12.921,1,0.369,0.77,0.83,0.115,0.383,91.079,172747,4,2022
Comfort Rework,Seaspray,0.63,0.683,8,-9.401,0,0.0405,0.215,0.778,0.243,0.651,134.99,92889,4,2022
Burnt Toast,Dualizm,0.738,0.26,11,-12.784,0,0.0319,0.112,0.917,0.114,0.563,86.975,130345,4,2022
La Fleur,Lito Akari,0.764,0.285,8,-12.977,0,0.339,0.741,0.93,0.105,0.279,152.085,115814,4,2022
Sail Slow,London Lighthouse,0.44,0.386,11,-8.974,0,0.0932,0.751,0.863,0.138,0.414,80.971,143657,4,2022
Sunday Swamp,Nobel,0.531,0.455,2,-12.572,1,0.193,0.831,0.917,0.11,0.306,148.066,169584,4,2022
Momentum,fnonose,0.639,0.262,8,-10.038,0,0.195,0.0615,0.841,0.107,0.498,84.901,117882,4,2022
Traffic Jam,Reggie San Miguel,0.774,0.483,8,-10.307,1,0.0516,0.186,0.886,0.113,0.544,94.997,141474,4,2022
Autumn in Bedford,Art Vandeley,0.381,0.595,9,-5.255,1,0.0384,0.289,0.989,0.12,0.649,79.223,129600,4,2022
Strummer Boy,Dusty Decks,0.681,0.36,11,-9.901,0,0.159,0.926,0.95,0.124,0.417,84.896,129820,4,2022
A Thousand Years,Mount Eminest,0.497,0.382,5,-11.109,1,0.0285,0.0747,0.924,0.124,0.107,145.445,141153,3,2022
a sign from her,Mau,0.8,0.298,1,-10.325,1,0.0595,0.703,0.381,0.121,0.0385,75.077,128413,4,2022
Count Basic,Platinum Dust,0.677,0.31,10,-10.002,0,0.13,0.513,0.885,0.589,0.235,148.117,108069,4,2022
Beach Date,Guzimi,0.683,0.467,9,-14.021,1,0.0577,0.804,0.897,0.113,0.307,81.002,130234,4,2022
Forbidden Trail,Shierro,0.606,0.419,5,-9.548,0,0.0451,0.276,0.862,0.188,0.235,80.032,151066,4,2022
Proti Fora,No Spirit,0.639,0.597,0,-8.885,0,0.0474,0.593,0.878,0.0982,0.173,92.969,169413,4,2022
Tendrils,Mr. Käfer,0.638,0.226,5,-15.548,0,0.0805,0.528,0.918,0.126,0.65,79.997,125250,4,2022
Don't Forget,Phlocalyst,0.65,0.252,0,-10.939,1,0.046,0.522,0.879,0.106,0.332,170.028,148000,4,2022
Sneaking in the long run,Bamboozled Bumblebee,0.614,0.377,9,-14.557,0,0.0955,0.925,0.918,0.0877,0.467,83.603,138571,4,2022
Let Her Go,Oilix,0.677,0.327,6,-14.561,0,0.035,0.782,0.872,0.124,0.45,86.98,124138,4,2022
Tiembos,Living Room,0.758,0.554,10,-10.164,0,0.233,0.597,0.856,0.12,0.881,171.928,102107,4,2022
Idyllic,Fthmlss,0.548,0.281,1,-17.057,0,0.0412,0.554,0.624,0.105,0.0812,77.123,224000,4,2022
Lepricorn Ride,Sebastian Flecci,0.795,0.449,1,-9.037,0,0.205,0.741,0.395,0.108,0.168,159.906,123000,4,2022
Something in the Air,Thymes,0.382,0.206,9,-17.066,0,0.0337,0.928,0.872,0.105,0.331,164.109,110769,5,2022
Rising Moon,Mr. Käfer,0.621,0.473,10,-12.516,0,0.11,0.751,0.92,0.128,0.609,80.989,177938,4,2022
Milky Way,Elffire,0.731,0.184,3,-13.763,0,0.321,0.125,0.832,0.111,0.339,160.24,108000,4,2022
Orange Sunshine,Mama Aiuto,0.676,0.51,6,-7.901,0,0.088,0.0699,0.811,0.0978,0.633,166.286,118584,4,2022
One Life,Living Room,0.742,0.448,4,-10.879,0,0.0369,0.735,0.746,0.126,0.465,86.043,101163,4,2022
Rivers,Dr. Dundiff,0.756,0.328,0,-10.415,0,0.0749,0.466,0.869,0.148,0.129,100.035,118347,4,2022
Inner Courage,Mr. Käfer,0.716,0.321,7,-10.609,1,0.0814,0.911,0.912,0.1,0.964,144.041,172000,4,2022
late night cocktails,yeyts.,0.596,0.45,1,-8.564,0,0.0734,0.284,0.899,0.127,0.474,177.485,120337,4,2022
Banana Brains,Ganzo,0.754,0.25,4,-14.151,0,0.048,0.864,0.902,0.125,0.426,119.078,132941,4,2022
Sunday Vibe,The BREED,0.67,0.456,5,-10.751,0,0.0673,0.279,0.895,0.0984,0.589,80.974,100038,4,2022
When It's Over,Noxz,0.675,0.539,4,-9.754,0,0.043,0.382,0.93,0.111,0.453,94.908,132632,4,2022
SERENITY,Jazzy James,0.658,0.396,10,-11.663,1,0.0446,0.884,0.838,0.125,0.124,78.065,215769,4,2022
Reminisce,Oaty.,0.546,0.394,11,-9.039,0,0.0641,0.818,0.951,0.125,0.273,87.975,130909,4,2022
Here it comes,vort vort,0.671,0.573,5,-6.933,0,0.0777,0.75,0.168,0.116,0.411,80.001,102164,4,2022
Panini,Pinetops Winston,0.852,0.494,1,-9.571,0,0.374,0.558,0.685,0.209,0.611,81.98,135274,4,2022
ohko mayo,buggy beats,0.539,0.496,9,-6.841,1,0.0718,0.367,0.0195,0.182,0.348,89.988,130610,4,2022
Brush,Lé Mon,0.425,0.16,0,-16.383,1,0.057,0.791,0.929,0.107,0.325,79.842,123000,4,2022
Soulmate,Oilix,0.604,0.283,5,-12.738,0,0.0382,0.725,0.829,0.114,0.739,169.979,118588,4,2022
Poppy,Dpsht,0.798,0.172,6,-14.949,1,0.0998,0.894,0.918,0.109,0.433,147.838,104797,4,2022
Fearless,Louk,0.509,0.549,9,-9.435,0,0.188,0.726,0.0031,0.177,0.342,79.367,169500,4,2022
Fettuccine,LESKY,0.752,0.283,11,-13.0,1,0.0495,0.656,0.862,0.112,0.484,140.02,151667,4,2022
ridley road,archipelago beats,0.681,0.338,6,-14.745,1,0.316,0.911,0.897,0.138,0.85,180.169,144083,4,2022
Long Havel Beach,DJ Piper,0.697,0.595,9,-8.878,1,0.128,0.102,0.841,0.237,0.199,172.023,164080,4,2022
Spheres,Bipeula,0.439,0.383,1,-10.987,0,0.0747,0.102,0.87,0.0967,0.446,165.749,111750,4,2022
Heart of Ways,Oilix,0.678,0.0901,8,-18.251,1,0.0944,0.737,0.889,0.326,0.192,74.92,134400,4,2022
Curiosity,Midan,0.817,0.737,10,-6.927,0,0.0758,0.176,0.93,0.134,0.814,94.001,168511,4,2022
Dusty Donuts,Burrito Eats,0.689,0.428,6,-8.71,0,0.0417,0.0477,0.736,0.781,0.531,81.493,113006,4,2022
Trespassing,Shierro,0.497,0.361,6,-12.365,0,0.0351,0.588,0.226,0.119,0.121,78.036,160769,4,2022
Sky,Floating Anarchy,0.755,0.474,10,-12.938,0,0.216,0.48,0.889,0.104,0.717,87.971,130909,4,2022
Zairi,Khutko,0.841,0.438,9,-8.27,0,0.0433,0.357,0.874,0.123,0.931,92.03,125217,4,2022
Oniria,Gas Lab,0.538,0.529,6,-11.654,0,0.386,0.854,0.48,0.156,0.418,70.057,141857,4,2022
Love Me More,Tundra Beats,0.698,0.558,6,-8.716,0,0.0519,0.344,0.398,0.112,0.373,94.959,151582,4,2022
crush on me,dirtybirdie,0.836,0.193,6,-13.868,1,0.107,0.912,0.927,0.086,0.145,80.082,112125,4,2022
Unter Löwen und Banditen,Dualizm,0.442,0.223,9,-13.339,0,0.15,0.793,0.765,0.112,0.516,147.559,128366,4,2022
IDK Valley,Supereffective,0.767,0.574,0,-8.377,1,0.367,0.692,0.805,0.219,0.346,169.951,118659,4,2022
Moon People,Cutecake,0.72,0.755,9,-5.345,0,0.145,0.482,0.584,0.107,0.726,87.949,124431,4,2022
Talented Mr. Finley,Wezley Wiz,0.723,0.41,11,-9.607,0,0.0328,0.00953,0.873,0.248,0.141,129.943,149538,4,2022
ZEPHYR,squeeda,0.834,0.273,2,-12.388,0,0.0528,0.534,0.713,0.0883,0.0993,123.984,183486,4,2022
The Conqueror,Jazzy James,0.735,0.399,5,-13.985,1,0.107,0.862,0.886,0.128,0.507,155.98,152728,4,2022
STARTING TO SMILE,Silvan Strauss,0.808,0.38,8,-9.99,1,0.0705,0.239,0.938,0.101,0.448,90.031,154956,4,2022
I Do,Dr. Dundiff,0.796,0.152,1,-13.371,1,0.101,0.0554,0.917,0.102,0.846,87.111,118621,4,2022
Es kommt zum Duell,Dualizm,0.689,0.532,5,-10.492,0,0.0607,0.21,0.919,0.0615,0.691,171.925,80563,4,2022
Carombola,LESKY,0.76,0.534,0,-11.453,1,0.113,0.151,0.308,0.097,0.77,78.997,152400,4,2022
Garden Lights,Jam'addict,0.643,0.0819,4,-18.712,0,0.0567,0.918,0.94,0.101,0.081,112.525,128000,3,2022
Fields,Drxnk,0.5,0.377,8,-15.277,0,0.0582,0.948,0.948,0.111,0.133,156.67,125000,4,2022
Cali Orange,Alexander IV,0.666,0.422,8,-6.92,0,0.0307,0.351,0.94,0.179,0.789,79.991,129567,4,2022
lemons,Heinrich Schlupf,0.774,0.467,9,-11.82,0,0.174,0.705,0.883,0.102,0.411,79.908,108000,4,2022
Last Vacation,Dolittlebeats,0.741,0.128,0,-16.695,1,0.0567,0.473,0.899,0.109,0.14,80.011,108000,4,2022
british backyard,Eli Fischer,0.604,0.434,0,-6.879,0,0.0362,0.418,0.925,0.121,0.772,74.281,75000,4,2022
Changed,David Cutter Music,0.788,0.534,10,-11.106,0,0.194,0.000113,0.934,0.109,0.887,172.392,156011,4,2022
Coffee Grounds,Jules Hiero,0.698,0.459,1,-15.166,1,0.0356,0.138,0.864,0.11,0.177,127.979,176000,4,2022
Ten Clouds,Katashi Kaitō,0.668,0.138,6,-13.528,0,0.122,0.534,0.319,0.105,0.55,163.996,155136,4,2022
Dust Off,Smoke Trees,0.761,0.215,0,-8.96,1,0.432,0.85,0.915,0.111,0.494,179.298,107019,4,2022
Stone,Klaus Layer,0.743,0.573,6,-7.684,0,0.273,0.54,0.87,0.29,0.96,78.046,118000,5,2022
Ocean View,Casiio,0.686,0.13,7,-18.854,1,0.0474,0.863,0.728,0.11,0.399,129.993,88721,4,2022
Island Cruise,Berezy,0.723,0.542,8,-11.232,0,0.0466,0.606,0.837,0.112,0.3,87.996,98182,4,2022
La Cucaracha Gloriosa,Parental,0.73,0.493,10,-5.959,0,0.0488,0.195,0.768,0.111,0.341,90.977,195165,4,2022
Astral Pathways,Myríad,0.587,0.147,3,-19.279,1,0.0684,0.935,0.918,0.11,0.103,65.015,130154,4,2022
Jazz Hands,Remulak,0.57,0.46,2,-7.903,1,0.0513,0.302,0.592,0.431,0.46,141.999,98313,4,2022
Business Class,Mindscape,0.719,0.366,4,-13.589,0,0.386,0.0817,0.811,0.451,0.485,83.455,134711,4,2022
Fairytale,Loufish,0.691,0.244,5,-12.749,0,0.0742,0.63,0.881,0.113,0.138,156.025,110769,4,2022
Course,Knowmadic,0.691,0.323,6,-16.599,1,0.119,0.897,0.942,0.0975,0.382,75.955,138947,4,2022
Vito,lorleaf,0.741,0.286,3,-10.295,1,0.126,0.818,0.907,0.11,0.262,86.002,123488,4,2022
Equinox,Casiio,0.584,0.215,5,-12.782,0,0.0276,0.764,0.553,0.117,0.137,140.008,109714,4,2022
beyond the pines,Guzimi,0.732,0.382,9,-13.427,0,0.199,0.721,0.58,0.143,0.367,80.002,111000,4,2022
Lights Out,Deauxnuts,0.674,0.333,4,-10.344,0,0.0345,0.49,0.856,0.102,0.417,83.921,108571,4,2022
Dorado,Lazlow,0.783,0.484,4,-8.011,0,0.0466,0.617,0.811,0.112,0.131,137.984,126087,4,2022
Glow,Toru,0.619,0.27,6,-15.36,1,0.0681,0.583,0.936,0.0929,0.741,183.919,110870,4,2022
Tenkodo,lorleaf,0.708,0.184,4,-16.305,0,0.294,0.375,0.53,0.117,0.452,76.001,157895,4,2022
transient beach,gnerf,0.714,0.507,0,-8.735,1,0.0475,0.552,0.84,0.177,0.336,73.992,147568,4,2022
Spiegelei,Spaze Windu,0.782,0.561,8,-9.599,0,0.0589,0.454,0.805,0.106,0.299,90.012,151005,4,2022
Biscuits and Gravy,Sloppy Jo,0.669,0.315,5,-9.65,1,0.125,0.507,0.822,0.08,0.491,160.334,102000,4,2022
For Those Who Love... - Beat Edit,Koralle,0.677,0.508,3,-9.032,0,0.0573,0.0282,0.879,0.0916,0.52,169.995,175600,4,2022
Nebula,Czapter,0.513,0.338,2,-16.411,0,0.164,0.846,0.831,0.14,0.688,77.016,120500,4,2022
Five Pants,Bezzix,0.866,0.249,5,-13.156,1,0.319,0.464,0.0281,0.276,0.565,86.944,138448,4,2022
Harlem,Pixie Dust,0.615,0.554,7,-13.087,1,0.0448,0.576,0.805,0.11,0.126,90.004,130951,4,2022
Wavehealing,77th Man,0.698,0.282,10,-13.678,0,0.0408,0.735,0.885,0.12,0.369,80.004,148800,4,2022
Loretto,Stapes,0.677,0.428,3,-10.939,0,0.265,0.941,0.742,0.159,0.663,143.84,108793,4,2022
HAVE A GOOD DAY,sleen.,0.771,0.394,0,-8.482,0,0.208,0.662,0.697,0.117,0.445,169.964,136941,4,2022
Bye,Saiko,0.632,0.498,5,-8.89,0,0.0506,0.617,0.946,0.149,0.161,173.983,135172,4,2022
Golden Milk,Malia Løu,0.509,0.318,9,-17.186,0,0.0788,0.63,0.00539,0.132,0.288,134.148,121981,4,2022
Saguaro,yosev,0.722,0.564,6,-7.12,1,0.198,0.103,0.916,0.0646,0.854,171.93,120000,4,2022
Lucid Dream,Oatmello,0.801,0.335,2,-14.452,1,0.3,0.73,0.737,0.102,0.0388,77.998,125385,4,2022
Too Much Rain,Screen Jazzmaster,0.578,0.491,1,-10.362,0,0.0313,0.689,0.813,0.111,0.172,80.002,144000,4,2022
Botanic Vibes,Donkeychote,0.706,0.376,0,-15.254,0,0.0442,0.692,0.918,0.126,0.346,89.978,139404,4,2022
A New Moanin',Boozoo Bajou,0.764,0.349,2,-9.99,0,0.0518,0.0169,0.593,0.702,0.517,79.806,193113,4,2022
Tender,sinnr,0.622,0.195,11,-14.596,1,0.0344,0.945,0.938,0.123,0.0748,140.047,127085,4,2022
Aura,Mindeliq,0.685,0.137,7,-14.8,0,0.0603,0.825,0.915,0.119,0.161,73.024,131935,3,2022
Tumble Weed,Loufish,0.709,0.15,4,-14.307,0,0.0899,0.421,0.911,0.111,0.302,139.957,109714,4,2022
Pouring Rain,softy,0.36,0.212,10,-14.955,0,0.0399,0.926,0.924,0.0963,0.118,109.015,154500,1,2022
Life In New York,WanderLight,0.677,0.267,6,-13.18,0,0.0896,0.496,0.933,0.0989,0.334,84.036,142857,4,2022
Breath In,ommood,0.275,0.395,2,-10.973,1,0.054,0.468,0.598,0.357,0.33,77.539,120176,1,2022
Kicks,flamingo zamperoni,0.743,0.2,5,-11.605,0,0.0567,0.834,0.7,0.107,0.109,76.692,125995,3,2022
Unwind,Saib,0.553,0.427,6,-11.839,0,0.0636,0.548,0.793,0.0776,0.207,112.002,252857,4,2022
Northern Lights,HawkOne,0.873,0.454,6,-12.871,0,0.0519,0.354,0.846,0.105,0.681,129.959,120000,4,2022
Rainmaker,Moderator,0.656,0.41,8,-12.661,0,0.051,0.16,0.814,0.112,0.278,90.048,177333,4,2022
Summer Dream,Dosi,0.648,0.374,9,-13.027,1,0.11,0.417,0.865,0.121,0.21,88.043,130909,4,2022
Yellowish,Oskar Hahn,0.64,0.065,4,-10.885,0,0.0568,0.898,0.916,0.119,0.142,74.064,121622,4,2022
Maya,Mariana Red,0.791,0.314,0,-10.225,0,0.0898,0.943,0.759,0.323,0.375,80.017,122250,4,2022
Watercolors,Oatmello,0.678,0.416,5,-14.715,1,0.0588,0.898,0.851,0.116,0.34,156.048,113077,4,2022
Feeling Better With You,Two Muses After,0.6,0.263,4,-16.589,1,0.202,0.878,0.806,0.373,0.76,85.001,140240,4,2022
Mizu,ONO1,0.798,0.386,10,-11.154,1,0.0566,0.956,0.947,0.109,0.342,139.903,133714,4,2022
Feelin' Good,Zmeyev,0.674,0.292,5,-13.884,0,0.0833,0.857,0.927,0.108,0.581,80.002,132000,4,2022
Riviera,Civin,0.484,0.463,11,-10.375,1,0.306,0.68,0.0181,0.0887,0.462,79.408,140250,4,2022
Moka Pot,C-90,0.715,0.292,9,-17.246,0,0.14,0.892,0.875,0.111,0.27,85.028,148294,4,2022
Buoyant,Loufish,0.595,0.222,2,-21.599,0,0.0299,0.957,0.761,0.119,0.373,147.981,104595,3,2022
Brick In The Pocket,Emapea,0.766,0.622,5,-5.239,1,0.0425,0.021,0.877,0.196,0.481,94.994,166742,4,2022
Music And Me,Mr OCB,0.844,0.272,2,-5.747,0,0.0954,0.55,0.0373,0.18,0.536,84.987,127059,4,2022
With You,Sem0r,0.725,0.173,10,-12.63,0,0.0962,0.239,0.894,0.113,0.166,84.102,115787,4,2022
Enjoy The Ride,EMERLD,0.591,0.239,2,-13.048,1,0.0597,0.812,0.838,0.109,0.305,74.832,123350,4,2022
Hold My Hand,xander.,0.614,0.515,6,-8.567,0,0.0519,0.0601,0.813,0.0838,0.454,89.846,192000,4,2022
Autumn Ride,Kid Tarô,0.738,0.595,1,-7.685,1,0.0634,0.0328,0.624,0.105,0.483,165.081,130565,4,2022
Gibbon,Cherry Vans,0.612,0.184,11,-15.152,1,0.0735,0.849,0.941,0.0832,0.177,76.991,143503,4,2022
Cross Eyed,Auxjack,0.814,0.317,6,-13.792,0,0.123,0.928,0.927,0.117,0.922,143.971,140417,4,2022
Million Ways,Linkrust,0.766,0.463,8,-8.243,1,0.164,0.764,0.244,0.1,0.222,85.003,163932,4,2022
Skin Tone,Timothy Infinite,0.662,0.484,6,-6.697,0,0.0731,0.685,0.883,0.131,0.197,83.741,166018,4,2022
Climbing,Christopher Jackson,0.601,0.513,7,-13.985,1,0.106,0.000547,0.19,0.149,0.465,167.917,228571,4,2022
Nonobody,ron quixote,0.731,0.277,0,-7.862,1,0.0497,0.888,0.898,0.0982,0.23,73.98,144781,4,2022
The Stairs are Staring,Five Fingers,0.624,0.566,3,-7.305,0,0.0266,0.313,0.0137,0.169,0.84,85.0,125647,4,2022
Ordinario,Dpsht,0.75,0.248,9,-13.238,1,0.0765,0.843,0.958,0.122,0.448,143.951,120243,4,2022
Tides,Bobby Dreamz BIG,0.497,0.357,10,-10.029,0,0.0497,0.549,0.934,0.128,0.0918,166.129,161205,4,2022
Voices,Taloha Beats,0.697,0.558,9,-9.639,0,0.0548,0.132,0.704,0.0904,0.31,74.007,190710,4,2022
Open Skies,Myríad,0.693,0.239,10,-16.765,0,0.194,0.952,0.945,0.161,0.338,155.751,140760,4,2022
Road to nowhere,Living Room,0.701,0.68,1,-10.032,1,0.0365,0.844,0.93,0.11,0.682,88.99,109587,4,2022
Blue Mood,sleepsleepsleep,0.54,0.181,8,-14.529,0,0.0497,0.855,0.9,0.108,0.302,80.999,94815,4,2022
boy,kid.soho,0.619,0.724,11,-7.331,0,0.0701,0.0916,0.0547,0.094,0.571,178.072,113250,4,2022
Creamy,Lichtboje,0.788,0.328,1,-6.874,0,0.0867,0.518,0.0412,0.122,0.0767,75.984,117566,4,2022
1:00 fm,Blizzful,0.75,0.592,0,-9.512,0,0.0855,0.155,0.823,0.346,0.347,75.004,156002,4,2022
Salmon Benedict,Timothy Infinite,0.718,0.432,10,-11.149,0,0.374,0.933,0.803,0.565,0.395,78.035,117836,4,2022
Have a rest,KLIM,0.735,0.415,1,-11.747,1,0.096,0.106,0.894,0.16,0.475,171.94,133000,4,2022
u don't feel the same,vlows,0.764,0.463,5,-10.592,0,0.0462,0.411,0.823,0.147,0.376,90.043,118375,4,2022
Them Sweet Waffles,Burrito Eats,0.686,0.58,2,-8.019,0,0.0412,0.345,0.934,0.156,0.603,76.984,143377,1,2022
Contemplation,Dosi,0.548,0.153,6,-13.109,1,0.0331,0.901,0.94,0.111,0.114,144.002,133333,4,2022
Chamillion Bucks,Smeeagain,0.664,0.175,11,-13.841,0,0.141,0.647,0.743,0.119,0.445,79.026,153418,4,2022
meadowlark,Enluv,0.711,0.237,9,-12.482,1,0.0413,0.686,0.943,0.339,0.133,69.94,137358,4,2022
Colorful,Lichtboje,0.719,0.39,5,-6.205,0,0.0742,0.238,0.939,0.471,0.481,83.048,102108,4,2022
Specs,Nick Mosh,0.668,0.234,6,-16.006,0,0.0498,0.819,0.891,0.103,0.512,85.056,113647,4,2022
Wanderlust,Katashi Kaitō,0.865,0.161,4,-14.623,0,0.175,0.617,0.71,0.125,0.606,165.042,144000,4,2022
Hammock in the Clouds,Tonion,0.543,0.375,11,-16.087,1,0.0635,0.763,0.877,0.11,0.142,76.03,177632,4,2022
Red Beach,Peter Kind,0.823,0.3,11,-15.296,0,0.0593,0.744,0.79,0.301,0.705,114.944,134876,4,2022
forest gump,T.Check,0.739,0.155,5,-14.832,1,0.197,0.839,0.897,0.0843,0.398,143.998,162083,4,2022
Soul Fruit,Sadglow,0.75,0.416,8,-7.367,0,0.0371,0.86,0.849,0.201,0.548,139.969,146143,4,2022
Blueberry,Felty,0.462,0.349,9,-10.993,1,0.0583,0.79,0.907,0.0808,0.118,73.433,111765,4,2022
Slowdown,Smeeagain,0.686,0.277,0,-15.967,1,0.0585,0.359,0.658,0.128,0.522,79.017,121461,4,2022
lazy case,Polysnare,0.595,0.258,11,-11.413,0,0.0505,0.809,0.928,0.112,0.307,79.918,96000,4,2022
you know,Wieland & Ulrich,0.549,0.191,10,-16.973,0,0.173,0.805,0.732,0.108,0.439,180.038,155500,4,2022
Nap in a Park,lechiffrebeats,0.446,0.312,5,-10.006,1,0.0768,0.724,0.88,0.0931,0.0652,179.87,138667,4,2022
cheesy zelda,flamingo zamperoni,0.627,0.337,7,-13.656,1,0.407,0.668,0.000322,0.272,0.294,73.962,158919,4,2022
lostonbrick,H I K E,0.847,0.292,1,-14.127,0,0.0851,0.771,0.938,0.108,0.138,80.011,120281,4,2022
Another galaxy,YetBaby,0.906,0.53,7,-8.382,0,0.0585,0.441,0.664,0.0723,0.51,130.063,132174,4,2022
Twilight,Casiio,0.574,0.0706,9,-21.369,1,0.042,0.937,0.684,0.107,0.0796,134.085,107668,4,2022
Visions,.Eehou,0.723,0.348,5,-12.613,1,0.083,0.124,0.901,0.16,0.392,81.987,152195,4,2022
Down the street,SlowFly,0.885,0.188,0,-13.026,1,0.0873,0.247,0.882,0.11,0.253,77.29,152233,4,2022
Indian Summer,Iassu,0.673,0.47,10,-13.734,0,0.0954,0.523,0.863,0.13,0.841,80.011,111000,4,2022
Spruce,Noflik,0.643,0.258,6,-12.137,0,0.0596,0.666,0.654,0.0894,0.514,66.027,174545,4,2022
Lluvia,Juan Rios,0.694,0.287,0,-10.713,0,0.116,0.92,0.931,0.0934,0.783,146.063,125428,4,2022
Last Summer,tenkousei.,0.513,0.214,6,-13.914,0,0.0926,0.959,0.92,0.102,0.677,142.474,109552,4,2022
Ikebana,Midan,0.755,0.495,11,-6.01,0,0.0566,0.453,0.81,0.0907,0.444,90.994,139791,4,2022
Muse,Nokiaa,0.508,0.436,6,-10.207,0,0.0571,0.323,0.869,0.121,0.46,79.063,120000,4,2022
Roulette,Tabi,0.563,0.453,9,-11.224,0,0.0383,0.0955,0.935,0.111,0.412,170.064,135530,4,2022
Window Thoughts - Beat Edit,Koralle,0.792,0.389,11,-11.308,0,0.207,0.18,0.163,0.405,0.823,86.998,165907,4,2022
Air,Marcos Caixa,0.868,0.275,11,-14.947,1,0.214,0.741,0.773,0.132,0.37,88.992,145621,4,2022
Cruisin',Cherrygroove,0.729,0.367,9,-10.222,1,0.0424,0.00877,0.266,0.314,0.355,74.955,192379,4,2022
A Night Out,Jazzy Underground,0.767,0.385,2,-10.061,0,0.0754,0.183,0.583,0.0801,0.362,150.011,89600,4,2022
Spinning,Lumini,0.497,0.145,3,-13.889,1,0.19,0.819,0.538,0.114,0.118,159.982,120000,4,2022
Donquixote,Koby 808,0.723,0.499,0,-6.081,1,0.142,0.5,0.626,0.198,0.553,173.904,134193,4,2022
Jumping high feeling fly,Ohlos,0.709,0.331,7,-15.604,0,0.0828,0.799,0.827,0.117,0.345,80.01,126750,4,2022
Lux,l'eupe,0.555,0.271,8,-16.146,1,0.0751,0.94,0.884,0.0982,0.0384,77.042,158182,4,2022
plants are forever,Pleij,0.826,0.234,8,-14.045,1,0.524,0.691,0.882,0.112,0.961,78.035,129231,4,2022
Cherry Cake,Tundra Beats,0.587,0.514,11,-7.669,1,0.0477,0.218,0.857,0.263,0.589,86.494,155383,4,2022
1999,Yles,0.735,0.398,5,-5.888,1,0.0663,0.0373,0.000233,0.321,0.525,79.01,84241,4,2022
Tapioca,Dpsht,0.759,0.163,1,-13.318,1,0.225,0.32,0.926,0.108,0.652,147.604,92720,4,2022
rimschak,Wun Two,0.753,0.286,2,-11.82,1,0.253,0.803,0.857,0.12,0.199,72.987,78904,4,2022
Attract,Maravilho5a,0.748,0.784,7,-7.383,1,0.0931,0.482,0.89,0.143,0.684,80.008,150000,4,2022
One Too Many,Dualizm,0.779,0.188,9,-12.444,0,0.165,0.0742,0.906,0.0592,0.252,87.019,162759,4,2022
Ritual,Talented Mr Tipsy,0.657,0.717,10,-6.007,0,0.199,0.751,0.878,0.174,0.401,90.076,173333,4,2022
Flat,Philphonic,0.684,0.26,8,-15.333,0,0.0928,0.773,0.558,0.0955,0.136,77.973,172009,4,2022
cloud 9,Sweeps,0.669,0.31,1,-8.536,1,0.106,0.00425,0.254,0.106,0.894,86.041,125930,4,2022
Check Check,Rudy Raw,0.595,0.262,10,-14.715,1,0.041,0.0918,0.0968,0.136,0.468,83.804,122866,4,2022
Sleep Em,Pawcut,0.701,0.578,4,-9.167,0,0.0311,0.000431,0.629,0.153,0.239,117.992,113898,4,2022
Mirage,Frogman,0.605,0.0898,5,-25.122,1,0.303,0.695,0.685,0.0891,0.317,123.104,134000,3,2022
Passion Fruit,Pantone,0.766,0.755,2,-5.663,1,0.0983,0.453,0.0511,0.266,0.491,80.051,117000,4,2022
Mellow Pine,HawkOne,0.811,0.281,5,-11.635,0,0.34,0.813,0.858,0.108,0.458,84.999,124984,4,2022
Community,Oatmello,0.765,0.423,2,-14.795,1,0.0467,0.506,0.871,0.0998,0.411,148.098,104595,4,2022
Club Miles,L.O.F.I,0.722,0.426,9,-10.411,0,0.282,0.122,0.836,0.0798,0.581,180.034,97042,4,2022
Shizzle,Tojo McBee,0.791,0.338,8,-8.426,0,0.109,0.636,0.871,0.111,0.68,80.065,121500,4,2022
Quién Será? Lo-Fi,Chill Akiles,0.821,0.324,0,-9.382,0,0.0438,0.517,0.763,0.125,0.498,120.021,214633,4,2022
Sleepy,LeProdude,0.469,0.195,2,-15.837,0,0.129,0.826,0.931,0.109,0.138,82.11,143773,4,2022
Maleika,lorleaf,0.733,0.0588,0,-12.79,0,0.337,0.942,0.933,0.0943,0.515,82.008,140488,4,2022
A Day at the Beach,yosev,0.59,0.379,2,-8.266,0,0.0716,0.487,0.792,0.1,0.481,85.907,117209,4,2022
new day,dLira,0.65,0.385,10,-16.637,1,0.0554,0.859,0.937,0.247,0.198,89.974,138667,4,2022
Fresh Brew,Odd Panda,0.726,0.198,9,-12.257,1,0.0715,0.801,0.901,0.103,0.234,84.049,150357,4,2022
buttercream,Pistachio,0.77,0.462,6,-8.393,0,0.0927,0.0642,0.786,0.121,0.513,80.013,146625,4,2022
balcony,kyoshi,0.584,0.252,8,-19.318,1,0.053,0.926,0.941,0.105,0.229,99.95,136900,4,2021
Plantonaut,Tonion,0.708,0.268,5,-16.752,0,0.0439,0.79,0.893,0.197,0.333,83.131,139518,4,2022
Bittersweet,Fallen Roses,0.474,0.402,2,-6.091,0,0.0334,0.716,0.775,0.143,0.151,84.038,182857,4,2022
purple,Sarent,0.619,0.267,5,-12.328,1,0.0808,0.779,0.0595,0.12,0.488,70.162,109723,4,2022
Silky Pleasure,Civin,0.574,0.492,5,-9.763,1,0.305,0.9,0.212,0.12,0.163,76.552,142703,4,2022
Il Tramonto,Sabato Scola,0.603,0.181,1,-18.449,1,0.145,0.806,0.776,0.293,0.82,138.978,144173,4,2022
Porte des Lilas,Nicolas Kluzek,0.694,0.244,0,-11.213,0,0.0531,0.719,0.837,0.158,0.152,77.991,123077,4,2022
Under the Stars,Noxz,0.6,0.311,0,-15.108,1,0.0413,0.79,0.901,0.111,0.861,81.995,143415,4,2022
reminder,flamingo zamperoni,0.844,0.271,0,-15.449,0,0.218,0.663,0.153,0.229,0.578,81.973,114000,4,2022
Priceless Vibe,Mujo,0.597,0.371,5,-10.443,1,0.0462,0.167,0.786,0.0854,0.615,62.706,110404,4,2022
Cosmic Dust,Saib,0.835,0.41,9,-14.696,0,0.0472,0.879,0.751,0.0694,0.279,122.976,175610,4,2022
love your family,Lofty,0.618,0.261,0,-13.526,1,0.0447,0.865,0.896,0.111,0.039,122.28,198857,1,2022
Lost South,FloFilz,0.74,0.452,10,-9.939,0,0.125,0.381,0.874,0.109,0.968,89.082,102465,4,2022
Elizabeth,Lætitia,0.745,0.502,9,-10.672,0,0.0703,0.452,0.671,0.0943,0.889,163.964,128781,3,2022
hazy night,Kinissue,0.5,0.238,3,-19.04,0,0.0308,0.881,0.888,0.111,0.0768,73.982,113639,4,2022
Shiny,RNDN,0.803,0.232,0,-15.402,1,0.12,0.921,0.681,0.147,0.731,99.971,129975,4,2022
Seed,Flingu,0.705,0.43,8,-9.465,1,0.103,0.0177,0.891,0.107,0.969,80.08,126857,4,2022
Beyond Time,Nogymx,0.73,0.435,0,-8.03,1,0.073,0.197,0.671,0.106,0.245,84.993,150605,4,2022
trust me,archipelago beats,0.809,0.498,6,-10.691,1,0.0559,0.795,0.878,0.102,0.762,179.961,144000,4,2022
Orange,Shalaq,0.698,0.204,5,-12.117,0,0.044,0.666,0.756,0.255,0.588,83.999,154286,4,2022
Sexta à noite,alxnd.,0.738,0.251,6,-18.303,0,0.0585,0.888,0.86,0.0804,0.823,89.991,112000,4,2022
Monkey Business,Avatron,0.733,0.513,6,-8.052,1,0.0448,0.162,0.748,0.673,0.79,80.008,129000,4,2022
Low 5,Beatnugget,0.733,0.301,3,-8.049,0,0.12,0.919,0.784,0.368,0.744,160.015,138000,4,2022
Dilemma,Bhxa,0.623,0.0991,9,-12.512,0,0.202,0.787,0.865,0.107,0.305,176.041,87273,4,2022
Concrete Jungle,Oaty.,0.625,0.38,2,-10.413,0,0.0591,0.029,0.723,0.135,0.627,87.687,109091,4,2022
esperanza,Baila Sin Cesar,0.709,0.365,5,-11.234,0,0.0358,0.427,0.0262,0.11,0.636,82.99,115663,4,2022
Moonflower,Komachi,0.662,0.388,2,-13.049,0,0.104,0.299,0.893,0.71,0.0814,166.074,112771,4,2022
Blush Blossoms,SamuW,0.524,0.493,8,-13.144,1,0.19,0.869,0.821,0.149,0.245,84.123,143851,4,2022
Telekinetic,Oatmello,0.761,0.243,2,-14.745,1,0.217,0.0953,0.864,0.235,0.0624,77.999,126923,4,2022
First Kiss,Sandy Mental,0.592,0.415,4,-12.064,1,0.058,0.72,0.835,0.0776,0.551,157.889,102152,4,2022
Morning Breeze,Blank x Blank,0.758,0.381,5,-8.404,0,0.145,0.646,0.92,0.181,0.502,90.015,141345,4,2022
Night Train,Zen Park,0.628,0.27,2,-22.36,0,0.392,0.963,0.931,0.11,0.292,84.348,91815,4,2022
Kush Clouds,DJ Piper,0.728,0.541,1,-8.994,0,0.216,0.21,0.0437,0.925,0.285,93.027,183226,4,2022
IRON,J0pie,0.76,0.231,11,-16.307,0,0.0479,0.79,0.928,0.154,0.323,120.012,165208,4,2022
Mind Time,Toni Palermo,0.474,0.263,0,-14.044,1,0.209,0.685,0.00278,0.128,0.372,189.041,113846,4,2022
Rainy Umbrella,gummy3000,0.681,0.572,5,-10.226,0,0.259,0.683,0.907,0.17,0.652,77.111,132947,4,2022
Blended,Schmiddunsk,0.567,0.523,9,-12.227,0,0.0941,0.47,0.739,0.208,0.307,90.052,144187,4,2022
Bulb,So.Lo,0.647,0.23,8,-15.64,0,0.0408,0.75,0.824,0.352,0.22,135.938,145221,4,2022
cognitive biases,Miss Misaki,0.778,0.595,1,-8.31,1,0.0291,0.873,0.902,0.112,0.593,89.996,200000,4,2022
Meep Meep,Dentist,0.708,0.517,10,-13.998,1,0.286,0.659,0.767,0.41,0.697,82.526,98909,4,2022
Elephant Fish,MILMO,0.721,0.69,4,-6.569,0,0.0374,0.71,0.196,0.365,0.486,115.997,298750,1,2022
Copy Pastry,Blank x Blank,0.639,0.384,8,-11.346,1,0.0748,0.66,0.246,0.114,0.593,180.283,109631,4,2022
Old Love,JXV,0.699,0.456,0,-11.334,1,0.127,0.6,0.922,0.11,0.0551,75.013,147200,4,2022
Pruna,Flughand,0.798,0.246,5,-13.532,0,0.0668,0.222,0.727,0.167,0.582,86.023,110000,4,2022
Reality Dream,T.Check,0.64,0.471,4,-12.98,0,0.0343,0.534,0.827,0.0812,0.157,152.031,155526,4,2022
Trust Fall,Natasha Ghosh,0.746,0.488,0,-15.119,1,0.151,0.474,0.753,0.0914,0.193,159.971,174016,4,2022
Plancho,Damn Homies,0.666,0.489,4,-5.603,0,0.244,0.142,0.163,0.188,0.359,89.01,153708,4,2022
sundae,inthedark,0.705,0.331,1,-16.384,0,0.0387,0.886,0.937,0.102,0.283,80.022,152471,4,2022
Exhale,Mujo,0.534,0.0528,9,-23.459,0,0.0327,0.954,0.839,0.0684,0.235,56.008,119904,4,2022
Apple,Duos On Mars,0.637,0.263,10,-10.878,0,0.055,0.834,0.93,0.105,0.374,170.014,141176,4,2022
Sky Deluxe,deadxbeat,0.457,0.598,1,-9.474,1,0.159,0.718,0.835,0.137,0.411,80.843,176000,4,2022
bebiendo mimosas en una hamaca,homieunculus,0.734,0.264,2,-17.31,1,0.179,0.797,0.847,0.121,0.599,83.996,171429,4,2022
Let Me Breath,Emapea,0.706,0.619,2,-5.476,1,0.039,0.057,0.786,0.145,0.754,92.99,149685,4,2022
Fall in Love in September,Staysea,0.673,0.357,1,-12.375,1,0.0676,0.899,0.385,0.104,0.879,130.297,103398,4,2022
On Weston Street,sloh rou,0.535,0.535,5,-11.931,0,0.0662,0.893,0.899,0.163,0.364,85.661,124750,4,2022
Smiley,Ghost Leopards,0.656,0.35,1,-11.415,1,0.0377,0.163,0.837,0.139,0.446,82.017,129996,4,2022
Petals,Lucid Green,0.528,0.328,0,-11.692,1,0.0414,0.64,0.892,0.456,0.228,83.288,138014,4,2022
Gonfa,Wun Two,0.845,0.485,5,-10.74,0,0.0689,0.657,0.924,0.112,0.889,147.855,103731,4,2022
Paris Dinner,SanelliX,0.73,0.275,4,-10.734,0,0.046,0.183,0.945,0.198,0.366,75.004,115350,4,2022
Tranquil,Ajmw,0.672,0.241,9,-13.065,1,0.123,0.916,0.88,0.109,0.0903,74.997,169600,4,2022
Careless,Sem0r,0.681,0.391,6,-11.581,1,0.0859,0.48,0.862,0.0994,0.495,83.977,99667,4,2022
Baobab,Funky Notes,0.74,0.22,11,-13.487,0,0.0496,0.41,0.896,0.266,0.51,86.983,170345,4,2022
Rainfall,wood.,0.495,0.275,9,-14.074,0,0.0346,0.884,0.928,0.212,0.0378,119.932,177500,4,2022
Borsalino,Koby 808,0.75,0.487,9,-8.639,0,0.377,0.495,0.854,0.2,0.87,79.988,123948,4,2022
Lonely Road,Kaatru,0.636,0.497,11,-11.105,0,0.0394,0.0114,0.0643,0.0971,0.382,89.994,142000,4,2022
Rustical Island,JAY VANILLA,0.5,0.42,7,-13.673,0,0.171,0.846,0.917,0.111,0.5,82.198,107561,4,2022
Bliss Through Repetition,Cutecake,0.777,0.678,8,-7.029,1,0.0356,0.156,0.939,0.334,0.933,102.032,124706,4,2022
folia,bomull,0.711,0.515,7,-6.921,1,0.0899,0.442,0.931,0.108,0.158,86.034,198035,4,2022
Don't love me,Glow Down,0.792,0.418,8,-13.088,0,0.169,0.569,0.867,0.496,0.477,89.992,150667,4,2022
Can't You See,The Aether,0.684,0.421,1,-11.123,1,0.231,0.867,0.881,0.271,0.353,83.855,160192,4,2022
Monumental,Devaloop,0.709,0.686,8,-8.963,0,0.0403,0.47,0.896,0.107,0.54,146.008,162740,4,2022
Things Have Changed,Sir. Avalon,0.615,0.383,5,-12.569,1,0.032,0.932,0.891,0.131,0.441,74.999,140800,4,2022
Night Alley,Nice Gii,0.739,0.159,0,-11.457,0,0.0476,0.586,0.57,0.0738,0.113,78.009,161156,4,2022
Linger,Moderator,0.479,0.492,8,-10.184,1,0.143,0.21,0.63,0.164,0.346,82.393,155455,1,2022
Sparky Streets,Lake Valley,0.863,0.546,1,-7.296,1,0.0859,0.638,0.914,0.102,0.761,160.016,149250,4,2022
Memories,Iassu,0.673,0.3,5,-16.444,0,0.0434,0.874,0.913,0.116,0.592,74.993,102400,4,2022
Seven lifes,Lunatic Sad,0.649,0.29,9,-14.322,0,0.0428,0.982,0.831,0.111,0.296,127.933,136915,4,2022
Late Night,nrg,0.539,0.218,7,-14.387,1,0.0269,0.821,0.9,0.106,0.103,139.999,191942,4,2022
Soft-Boiled,Supereffective,0.891,0.427,11,-9.762,0,0.28,0.176,0.249,0.118,0.651,80.017,124875,4,2022
One4,Vilgot,0.772,0.334,0,-10.841,1,0.0817,0.598,0.945,0.0836,0.516,84.98,129249,4,2022
Golf (Ol Wallace Remix),Muni,0.566,0.485,11,-10.23,0,0.0577,0.917,0.603,0.105,0.367,71.975,156667,4,2022
Luton,isaintjames,0.772,0.248,3,-17.493,0,0.0609,0.397,0.608,0.285,0.574,77.945,123571,4,2022
Modulus Operandi,Christoffer Jensen,0.55,0.412,7,-13.67,1,0.04,0.0452,0.823,0.0883,0.113,180.074,96000,4,2022
My Time,Rachelle Pertu,0.69,0.49,2,-7.19,1,0.0433,0.785,0.465,0.105,0.424,75.164,99800,4,2022
Just Breathe,Goson,0.525,0.222,11,-11.089,0,0.0302,0.469,0.823,0.0965,0.135,139.939,130280,4,2022
Always,morningtime,0.498,0.496,6,-5.447,1,0.0337,0.824,0.801,0.187,0.103,85.047,138528,4,2022
Lush Lush Lake,Supereffective,0.785,0.276,9,-10.876,1,0.364,0.189,0.884,0.11,0.808,160.099,147562,4,2022
Timeline,Cyan_95,0.891,0.38,11,-7.341,1,0.0401,0.554,0.897,0.104,0.504,135.024,160112,4,2022
Honolulu,Hewie Lou,0.745,0.372,4,-12.7,0,0.0502,0.858,0.743,0.539,0.582,83.005,116770,4,2022
Coffee After Midnight,Behind Clouds,0.553,0.228,7,-15.54,0,0.054,0.779,0.888,0.108,0.0961,84.637,93986,4,2022
Be Prepared,KaspaHauser,0.61,0.419,8,-9.834,0,0.387,0.287,0.833,0.106,0.643,69.669,138480,4,2022
Larina,Sin Valor,0.668,0.48,6,-9.181,1,0.0796,0.172,0.849,0.332,0.0909,89.997,156333,4,2022
Live Your Life,prodjvstine,0.63,0.203,10,-21.633,1,0.0434,0.887,0.0313,0.328,0.348,83.025,118596,4,2022
I'm feeling lucky,Yankee Hart,0.827,0.373,7,-6.357,0,0.141,0.388,0.937,0.101,0.677,90.13,140167,4,2022
you are the one,Chuki Beats,0.479,0.547,7,-11.96,0,0.138,0.199,0.659,0.107,0.113,85.004,113201,4,2022
Low Key Palm Trees,irons,0.399,0.207,9,-17.21,0,0.297,0.966,0.825,0.101,0.291,120.227,118000,4,2022
Eden,Lullaby,0.531,0.552,3,-9.326,0,0.0289,0.749,0.691,0.165,0.143,140.036,126857,4,2022
Take A Walk,Saiko,0.618,0.551,10,-6.899,0,0.0411,0.742,0.931,0.329,0.871,84.891,143824,4,2022
Solemn Sunset,Jharee,0.815,0.545,1,-6.351,1,0.0628,0.0197,0.859,0.104,0.936,141.008,128913,4,2022
Strawberry Mojito,Baby Peppers,0.567,0.376,10,-11.449,1,0.176,0.581,0.882,0.114,0.3,133.63,106450,1,2022
"Rise (From ""Ghost in the Shell: Stand Alone Complex"")",Lofi Lia,0.568,0.274,5,-19.814,0,0.0338,0.865,0.914,0.0642,0.464,146.039,190685,4,2022
Aegean Breeze,Jules Hiero,0.772,0.298,7,-12.748,1,0.214,0.671,0.837,0.0986,0.411,83.002,131420,4,2022
Tanuri,lorleaf,0.691,0.283,7,-14.63,1,0.0759,0.603,0.913,0.0906,0.351,83.971,140000,4,2022
Memories,Vincent Rayn,0.676,0.16,9,-14.517,0,0.0327,0.534,0.945,0.111,0.177,77.991,126500,4,2022
cookie dough,xOHARA,0.806,0.353,7,-9.611,0,0.104,0.527,0.955,0.107,0.427,89.964,121605,4,2022
Better Days,Florence Ada,0.543,0.386,5,-11.022,1,0.242,0.469,0.955,0.118,0.293,76.982,102922,5,2022
Jelly,Guzimi,0.751,0.242,9,-13.843,1,0.293,0.706,0.82,0.0994,0.229,170.041,112941,3,2022
solanacea,Tomppabeats,0.566,0.642,1,-16.353,1,0.0763,0.83,0.944,0.104,0.189,90.146,162162,4,2022
Moonbow,Lunath,0.643,0.112,11,-16.883,1,0.0998,0.971,0.932,0.0983,0.51,145.992,149512,4,2022
Karklö,Emotional thistle,0.716,0.451,4,-8.583,0,0.281,0.605,0.0552,0.228,0.276,79.995,195187,4,2022
Daze haze,chilltrap,0.688,0.288,1,-10.079,0,0.164,0.151,0.952,0.122,0.383,169.968,90353,4,2022
Bird Calls,sinnr,0.542,0.149,2,-20.321,1,0.0428,0.956,0.895,0.12,0.101,65.146,126433,4,2022
Gratitude,"Yours Truly, CC",0.662,0.493,8,-11.594,0,0.0374,0.193,0.88,0.115,0.117,139.975,123428,4,2022
Around the world,Glorio,0.654,0.455,9,-7.734,0,0.0434,0.674,0.905,0.359,0.613,81.972,113375,4,2022
Beyond,KaspaHauser,0.636,0.404,10,-15.165,0,0.139,0.826,0.287,0.291,0.48,100.116,158640,4,2022
Goes Around Comes Around,Jk Beatbook,0.668,0.242,11,-11.511,0,0.0506,0.561,0.905,0.103,0.238,88.119,151364,4,2022
Sombra Bajo El Limero,Kansado,0.727,0.797,6,-10.607,1,0.042,0.364,0.836,0.412,0.781,108.042,182361,4,2022
Organic Groove,Klaus Layer,0.517,0.436,10,-7.774,0,0.0696,0.67,0.849,0.367,0.637,174.918,122000,4,2022
Alma,isaintjames,0.649,0.375,6,-13.782,0,0.265,0.0955,0.893,0.691,0.718,80.266,177679,4,2022
Warmth of the Rain,Nogymx,0.686,0.408,1,-9.717,1,0.0386,0.118,0.783,0.0753,0.401,89.978,169333,4,2022
Cuba Haze,c e c e l i e,0.725,0.332,6,-15.077,0,0.045,0.852,0.809,0.133,0.352,130.072,139462,4,2022
Jimmy's Tune,KaspaHauser,0.555,0.24,0,-12.573,0,0.135,0.553,0.599,0.115,0.417,86.833,139453,4,2022
Video Film Roll,Osoku,0.74,0.616,1,-9.696,1,0.0368,0.403,0.894,0.684,0.891,95.004,167984,4,2022
Play and Stop,Vibrant.,0.679,0.775,1,-5.991,0,0.0602,0.831,0.868,0.109,0.656,168.046,105729,4,2022
Restful,Laffey,0.632,0.205,5,-18.304,1,0.0635,0.902,0.938,0.11,0.289,122.124,158545,4,2022
Inspiration is Everywhere,Vooo,0.665,0.335,0,-12.192,1,0.0691,0.2,0.771,0.0906,0.696,101.237,113043,5,2022
Round and Round,Zoundhouze,0.675,0.302,2,-15.407,1,0.0432,0.165,0.854,0.227,0.297,80.001,147375,4,2022
lucid,damaa.beats,0.832,0.161,9,-11.385,0,0.309,0.712,0.933,0.105,0.529,75.001,153600,4,2022
Free Spirit,Wun Two,0.657,0.224,11,-14.88,0,0.188,0.591,0.89,0.11,0.631,77.035,99680,4,2022
Just One Of Those Things,Victor Lundberg,0.665,0.425,10,-6.925,0,0.0287,0.61,0.779,0.112,0.519,79.999,246481,4,2022
about to make it,Sam Cross,0.715,0.236,1,-11.545,1,0.0523,0.546,0.845,0.119,0.321,141.99,136901,3,2022
Gifts,garden lily,0.744,0.432,2,-12.365,1,0.0446,0.127,0.728,0.121,0.433,75.013,145600,4,2022
odd mission.,igory,0.831,0.599,2,-6.308,0,0.0669,0.136,0.639,0.0928,0.852,91.036,129231,4,2022
Daydream,Tonion,0.785,0.191,2,-12.8,0,0.0362,0.946,0.914,0.137,0.322,156.014,147625,4,2022
Laya,xander.,0.734,0.643,6,-10.93,1,0.0549,0.156,0.53,0.319,0.479,90.022,136000,4,2022
3 Days in Kadiköy,Matt Large,0.584,0.555,8,-9.197,0,0.158,0.28,0.849,0.212,0.478,172.172,206386,4,2022
Mirai,ONO1,0.656,0.502,5,-9.997,0,0.0387,0.939,0.854,0.131,0.46,130.081,129692,4,2022
Willow Tree,reysi,0.628,0.548,4,-9.019,1,0.0269,0.825,0.876,0.12,0.478,80.994,122419,4,2022
Moon Tree,Wiz Key,0.594,0.373,4,-11.765,0,0.0342,0.755,0.683,0.117,0.524,150.024,129800,4,2022
Chillbert Grape,Otis Neon,0.368,0.245,10,-16.074,1,0.073,0.856,0.906,0.26,0.594,83.927,101524,4,2022
Blusa Roja,LESKY,0.676,0.419,7,-14.221,0,0.0584,0.819,0.79,0.0979,0.465,78.027,124615,4,2022
Lover,Austeria,0.739,0.408,6,-5.985,1,0.0452,0.0471,0.374,0.685,0.365,75.025,148800,4,2022
Angel,Ajmw,0.667,0.201,3,-20.506,1,0.051,0.693,0.873,0.122,0.285,158.117,151899,4,2022
TONE DEF,Ryu Riders,0.552,0.485,10,-7.419,1,0.523,0.922,0.0917,0.117,0.914,159.801,218437,4,2022
Rendezvous,SlowFly,0.798,0.219,3,-7.506,0,0.089,0.925,0.931,0.122,0.292,80.046,133500,4,2022
Two Step,LoDub,0.623,0.465,0,-9.813,1,0.0337,0.622,0.345,0.447,0.33,79.975,127500,4,2022
Microdose,Mama Aiuto,0.619,0.4,1,-12.393,1,0.0604,0.841,0.511,0.115,0.311,79.138,145827,4,2022
Chou Chou,paris91,0.628,0.641,2,-9.141,0,0.0342,0.774,0.897,0.1,0.583,81.009,158519,4,2022
Swing With Me,Oilix,0.645,0.383,5,-12.49,0,0.0386,0.267,0.798,0.103,0.413,169.995,127059,4,2022
Celebration,Juliàn,0.523,0.266,7,-15.366,1,0.0556,0.88,0.751,0.391,0.311,75.186,132800,4,2022
Bahamas - Instrumental,Juan Rios,0.809,0.252,0,-14.322,1,0.27,0.663,0.748,0.357,0.545,84.092,182875,4,2022
Seseh Spirit,slow luna,0.701,0.15,0,-11.688,1,0.0744,0.97,0.823,0.127,0.426,78.034,126154,4,2022
Raindrops,sleepsleepsleep,0.594,0.129,7,-12.212,1,0.0334,0.917,0.983,0.0999,0.264,80.043,96000,4,2022
bleep,tori yami,0.588,0.475,5,-9.816,0,0.0443,0.885,0.929,0.135,0.321,168.189,127664,4,2022
Ocean Frankson,Nose Deck Tail,0.726,0.461,5,-12.083,1,0.0284,0.0712,0.824,0.221,0.34,126.994,223469,4,2022
A Future Vision,Oatmello,0.678,0.332,0,-15.445,1,0.0483,0.785,0.912,0.21,0.74,147.974,105405,4,2022
Lost Frequencies,Loufish,0.587,0.311,0,-20.31,1,0.0435,0.351,0.827,0.144,0.0385,136.005,169412,4,2022
Go On,Mindr,0.689,0.147,7,-14.118,1,0.0372,0.943,0.925,0.111,0.32,79.976,123000,4,2022
Stressed Out,Thelonious Coltrane,0.777,0.186,8,-13.206,1,0.0834,0.331,0.337,0.102,0.963,133.013,186304,4,2022
Ardor,goosetaf,0.66,0.248,11,-12.939,0,0.228,0.823,0.925,0.0876,0.744,77.986,145728,4,2022
Dust,Andrew Huang,0.719,0.55,8,-9.891,0,0.0852,0.314,0.521,0.282,0.714,96.387,99225,4,2022
"Oh, automated",Troy Vibes,0.732,0.617,0,-5.863,0,0.0392,0.781,0.873,0.144,0.34,159.986,222615,4,2022
Happy Dragon,The Fox,0.691,0.322,6,-10.775,1,0.0505,0.769,0.845,0.128,0.376,89.926,120000,4,2022
Sun Riding,Snowji,0.408,0.0916,1,-13.067,1,0.077,0.789,0.94,0.106,0.17,163.877,124000,4,2022
Smooth Sail,London Lighthouse,0.803,0.407,10,-7.793,0,0.0659,0.0346,0.867,0.166,0.564,74.996,144000,4,2022
Fauna,Van El,0.529,0.275,6,-15.556,1,0.0358,0.974,0.926,0.105,0.225,160.224,135000,4,2022
Grown,Ramsey Road,0.736,0.385,4,-10.127,0,0.0417,0.551,0.886,0.123,0.0398,115.977,167793,4,2022
aureole,DRWN.,0.737,0.345,9,-8.909,1,0.0712,0.293,0.962,0.107,0.137,156.164,123077,4,2022
Bubbles,Makzo,0.7,0.3,0,-10.185,0,0.0364,0.737,0.936,0.082,0.392,89.022,134653,4,2022
Tortilla Monday,Breakfast For Brunch,0.661,0.392,9,-15.304,1,0.0989,0.379,0.897,0.0975,0.268,165.952,134458,4,2022
Fly,SumPlusOne,0.714,0.362,10,-12.246,1,0.0814,0.914,0.943,0.161,0.191,150.043,121600,4,2022
Secret Well,Donkeychote,0.399,0.22,2,-15.502,0,0.0423,0.926,0.913,0.108,0.0379,105.549,131187,4,2022
Late Night Reflections,Jav Cast,0.341,0.0588,2,-19.916,1,0.0474,0.968,0.894,0.11,0.183,79.916,125984,4,2022
fallsucht und ringelpiez,Kick a Dope Verse!,0.669,0.397,2,-9.092,1,0.0447,0.129,0.263,0.0944,0.748,84.984,122990,4,2022
Shorebreak,Brenky,0.709,0.168,3,-12.524,0,0.041,0.128,0.379,0.102,0.758,72.024,81571,4,2022
Shimmering,Birds Of The West,0.699,0.536,8,-8.228,1,0.0501,0.528,0.856,0.169,0.288,75.01,141800,4,2022
Indigo Lies,Shogi Boy,0.565,0.587,9,-10.897,0,0.0429,0.858,0.892,0.125,0.203,84.757,127588,4,2022
Lo-Fi Carnival,Banco Swiss,0.802,0.706,10,-9.473,0,0.0878,0.326,0.904,0.115,0.744,89.99,208667,4,2022
Oh Well,billsbeats,0.794,0.274,5,-14.737,1,0.385,0.929,0.579,0.121,0.434,67.994,92647,4,2022
No Parking,Richie Rych,0.673,0.528,9,-7.297,0,0.0387,0.352,0.9,0.174,0.66,80.001,156000,4,2022
Fortran,enix lee,0.736,0.217,11,-9.086,1,0.0697,0.56,0.927,0.102,0.578,149.933,196887,4,2022
Underwater Clouds,Czapter,0.733,0.208,7,-12.867,0,0.0522,0.915,0.882,0.138,0.0461,78.221,143000,4,2022
Rocket Ships & Cargo,Bear.,0.425,0.369,1,-9.683,0,0.0922,0.64,0.645,0.104,0.283,194.882,108900,3,2022
Golden Leaf,BLVKSHP,0.605,0.236,11,-10.0,1,0.035,0.822,0.937,0.245,0.32,80.055,220500,4,2022
Beloved,Nokiaa,0.614,0.699,6,-9.506,0,0.282,0.428,0.794,0.251,0.473,90.074,120000,4,2022
143,Gidde,0.816,0.63,4,-7.857,0,0.0424,0.692,0.851,0.336,0.731,79.98,117000,4,2022
Stranger Winds,Howie Doowin,0.55,0.116,2,-21.639,0,0.103,0.913,0.921,0.101,0.141,120.295,112000,5,2022
Mista Cool,Nippon Nights,0.705,0.468,0,-14.36,0,0.0413,0.0557,0.84,0.122,0.767,100.002,206400,4,2022
Juno The Cat,Jazzamass,0.721,0.318,10,-9.801,1,0.0523,0.699,0.9,0.129,0.579,119.976,136000,4,2022
departure,W8lss,0.62,0.179,1,-19.313,0,0.0453,0.52,0.905,0.114,0.364,158.279,122000,4,2022
Cooler than Calm,Idris Kelly,0.641,0.378,6,-10.479,0,0.118,0.816,0.835,0.354,0.473,144.03,134813,4,2022
Garden,Vincent Rayn,0.634,0.239,11,-11.754,0,0.0537,0.904,0.934,0.109,0.318,80.079,119500,4,2022
La Hacienda,Chill&Go,0.868,0.39,7,-12.23,1,0.186,0.835,0.769,0.111,0.564,92.016,117000,4,2022
Dream On,T.R.I.C.K,0.748,0.3,11,-10.34,0,0.055,0.176,0.264,0.0744,0.69,75.051,144000,4,2022
Far Away,sleepsleepsleep,0.402,0.138,11,-12.789,0,0.0786,0.927,0.508,0.1,0.074,73.073,115663,4,2022
Fast Coupe,Kreatev,0.788,0.573,8,-10.975,1,0.0535,0.0389,0.622,0.0889,0.069,100.046,134368,4,2022
Desert Mustang,baegel,0.733,0.6,1,-10.064,0,0.0548,0.488,0.904,0.318,0.226,124.057,144818,4,2022
The One,FS Green,0.799,0.281,5,-8.766,1,0.12,0.449,0.921,0.107,0.473,88.011,131723,4,2022
arabica,Etnosol,0.593,0.621,8,-9.602,1,0.0326,0.00921,0.91,0.114,0.711,169.661,90353,4,2022
temptation,dLira,0.647,0.401,5,-15.36,0,0.0672,0.463,0.924,0.114,0.695,180.004,128000,4,2022
Add Flip,byJ.,0.716,0.328,9,-10.892,0,0.0968,0.0803,0.792,0.128,0.579,77.157,127000,4,2022
Boots Season,Cotton Candy Boulevard,0.776,0.348,5,-12.572,0,0.205,0.0979,0.84,0.335,0.961,169.892,151059,4,2022
Stewart brunch,Euphoric,0.566,0.392,4,-12.13,0,0.0492,0.933,0.909,0.101,0.458,76.012,104243,4,2022
love Downpitch,Sto Nii,0.708,0.378,9,-13.146,0,0.386,0.332,0.899,0.111,0.602,166.956,114970,4,2022
Léopard,mädmäx,0.667,0.52,1,-7.655,0,0.0317,0.118,0.584,0.0849,0.634,82.016,113415,4,2022
Sunset Hues,Lofi Stranger,0.693,0.831,11,-4.265,1,0.132,0.236,0.879,0.0839,0.319,82.007,97500,4,2022
Sidewalk Pizza,Rooftop Shenanigans,0.767,0.328,11,-15.739,0,0.159,0.693,0.918,0.116,0.328,90.017,149333,4,2022
Nugroove,Lamar Azul,0.758,0.594,10,-9.929,0,0.035,0.142,0.932,0.113,0.564,86.027,135212,4,2022
Walks,Brenky,0.742,0.216,5,-15.104,1,0.037,0.879,0.983,0.0825,0.702,68.016,84712,3,2022
Stoners Night,Lil Gromit,0.705,0.334,11,-12.714,0,0.0578,0.841,0.718,0.115,0.436,73.987,142588,4,2022
Floatypuff,Bowfi Leets,0.291,0.363,1,-8.542,1,0.0855,0.963,0.803,0.12,0.282,158.06,123000,4,2022
chemistry,BTZ cult,0.524,0.666,0,-11.547,0,0.0419,0.223,0.906,0.136,0.332,81.972,120035,4,2022
Colored Drumsticks,Geo Boman,0.71,0.543,9,-8.546,0,0.0622,0.536,0.933,0.108,0.295,158.009,101392,4,2022
feel you,sleepsleepsleep,0.579,0.264,6,-14.535,0,0.214,0.413,0.937,0.108,0.106,170.087,112941,4,2022
Wax,Vooo,0.59,0.606,3,-7.986,0,0.0358,0.0563,0.665,0.188,0.354,119.742,150000,4,2022
Growth,Inf,0.628,0.329,1,-15.035,0,0.0458,0.86,0.71,0.138,0.322,82.052,153727,4,2022
River,Vilda C,0.616,0.487,7,-8.526,0,0.0669,0.906,0.922,0.134,0.236,80.013,120108,4,2022
Letters,This Is Moving,0.854,0.409,8,-11.514,1,0.275,0.309,0.797,0.118,0.464,94.968,123789,4,2022
You Call It Lofi But They're Actually Hip Hop Beats,Alsogood,0.803,0.324,0,-11.97,1,0.163,0.736,0.865,0.0977,0.407,167.893,80000,4,2022
Show Me How Good It Can Get,"Sarah, the Illstrumentalist",0.714,0.492,5,-10.133,1,0.0365,0.187,0.83,0.104,0.842,89.961,134541,4,2022
Itty Gritty,serifONE,0.672,0.0676,5,-30.129,1,0.0442,0.489,0.939,0.0854,0.302,72.062,107361,4,2022
structures,yudaii,0.732,0.205,6,-17.701,1,0.146,0.81,0.00106,0.105,0.352,95.015,121487,4,2022
trails,iomoo,0.69,0.307,4,-12.116,1,0.065,0.919,0.945,0.102,0.127,142.192,146250,4,2022
Chameleon,Elffire,0.71,0.22,7,-15.797,1,0.0825,0.896,0.909,0.0992,0.151,80.029,120000,4,2022
L´Éveil,Phlocalyst,0.495,0.186,2,-14.607,1,0.196,0.962,0.905,0.11,0.162,170.005,163765,4,2022
Bliss,Pantone,0.763,0.314,2,-14.646,1,0.0712,0.339,0.85,0.338,0.339,80.0,122250,4,2022
Beef,Pawcut,0.651,0.362,10,-10.51,1,0.0416,0.00412,0.365,0.0736,0.105,121.068,128219,4,2022
Who We Are,Sad Eyz,0.787,0.376,7,-13.169,0,0.262,0.724,0.434,0.13,0.905,80.009,150339,4,2022
Transitions,Keymer,0.592,0.539,6,-12.442,1,0.0321,0.455,0.881,0.105,0.222,85.013,216000,4,2022
Jet Ski Gelato Bounce,Parental,0.781,0.673,0,-4.659,1,0.0842,0.0054,0.914,0.104,0.441,92.504,155676,4,2022
Águia,LESKY,0.562,0.402,4,-9.897,0,0.0441,0.00509,0.885,0.12,0.32,86.956,143720,4,2022
Sari's Wall,Mamoosh,0.689,0.385,8,-10.936,1,0.0406,0.374,0.893,0.109,0.0785,92.026,130673,4,2022
Your Glow,Prime Suspect,0.524,0.3,9,-14.063,0,0.0537,0.813,0.932,0.122,0.119,160.256,112125,4,2022
Slipping Mats,Dusty Decks,0.746,0.477,11,-7.486,1,0.0463,0.124,0.881,0.133,0.714,91.999,149867,4,2022
tasogare,Shimon Hoshino,0.637,0.213,2,-18.475,1,0.0468,0.916,0.897,0.111,0.083,79.954,136322,4,2022
Cutty Flam,Koby 808,0.694,0.621,10,-10.176,0,0.11,0.295,0.91,0.111,0.927,149.991,115618,4,2022
Deli,Kid Tarô,0.684,0.354,0,-9.542,1,0.0611,0.428,0.837,0.106,0.568,83.948,129653,4,2022
Batu Karas,Boukas,0.579,0.481,10,-12.541,0,0.06,0.496,0.887,0.11,0.447,84.938,152250,4,2022
badboll,lagom.,0.742,0.305,1,-11.067,1,0.0543,0.798,0.87,0.0865,0.939,170.031,115765,4,2022
extra air,Kenzie,0.73,0.481,6,-12.326,0,0.344,0.345,0.474,0.12,0.327,77.895,169286,4,2022
Sun Kissed,mädmäx,0.789,0.226,11,-13.694,0,0.212,0.969,0.921,0.109,0.514,82.943,128737,4,2022
Yessir,Funky Notes,0.58,0.195,7,-11.825,1,0.0353,0.953,0.943,0.155,0.256,88.194,156000,4,2022
Grico,Pueblo Vista,0.481,0.29,1,-16.662,0,0.0943,0.762,0.921,0.103,0.16,149.194,114000,3,2022
Safe and Sound,Devon Rea,0.717,0.161,4,-18.092,1,0.0556,0.945,0.949,0.0961,0.163,68.086,141176,4,2022
Tudo Bem,Maple Syrup,0.684,0.744,11,-10.477,1,0.0363,0.891,0.828,0.101,0.964,155.964,116448,4,2022
gravel trap,Montreux Stay-Behinds,0.584,0.667,5,-7.28,0,0.027,0.153,0.843,0.408,0.61,80.015,93000,4,2022
Found Again,Loe Brezy,0.75,0.444,5,-9.44,0,0.0655,0.55,0.615,0.102,0.531,85.009,119647,4,2022
Inhale,Your Magnolia,0.545,0.103,9,-22.191,0,0.0437,0.939,0.924,0.0928,0.299,108.399,158206,1,2022
Impulse Response,Popcorn Trees,0.722,0.353,2,-9.55,0,0.0377,0.523,0.804,0.116,0.276,79.966,96375,4,2022
Synthetic Love,Lex (de Kalhex),0.807,0.491,7,-8.218,0,0.0585,0.00842,0.833,0.0896,0.966,84.933,168972,4,2022
Scrapbooks + Memoirs,Julia Bucari,0.768,0.511,10,-8.172,0,0.0541,0.268,0.923,0.104,0.733,92.007,96624,4,2022
foggy kees,ella diva conflict,0.598,0.625,6,-5.91,1,0.0932,0.864,0.864,0.0954,0.287,180.101,143328,4,2022
First Blossoms,Eu93ne,0.736,0.142,8,-14.389,1,0.0468,0.663,0.911,0.107,0.182,84.031,125714,4,2022
haziness,golden outlook,0.698,0.583,10,-10.147,1,0.363,0.492,0.87,0.17,0.489,150.021,102400,4,2022
Ladron Lover,Hekiga,0.717,0.483,4,-11.901,0,0.0325,0.788,0.855,0.0969,0.357,80.027,99375,3,2022
Thru The Window,Astairé,0.733,0.594,1,-6.215,1,0.077,0.362,0.632,0.142,0.759,85.021,181853,4,2022
Chasing Sunsets,Filae,0.835,0.485,0,-10.945,1,0.104,0.0316,0.621,0.0989,0.457,95.027,94914,4,2022
Diagnosis,L E F,0.681,0.579,0,-10.824,0,0.055,0.0114,0.903,0.399,0.868,143.99,165253,4,2022
Croaky,David Cutter Music,0.754,0.532,10,-9.462,1,0.209,0.0719,0.83,0.117,0.615,173.985,119958,4,2022
Beautikeo,Utopiaboy,0.504,0.326,0,-14.059,0,0.295,0.313,0.931,0.0972,0.181,173.892,135172,4,2022
Nubes Rosas,Velabeats,0.709,0.857,9,-7.613,0,0.0542,0.213,0.887,0.0769,0.798,152.052,119465,4,2022
Court,Kevoe West,0.74,0.397,1,-10.578,1,0.0403,0.229,0.838,0.124,0.906,87.998,158182,4,2022
Sun Flares,yuhei miura,0.754,0.654,2,-11.536,0,0.0379,0.0826,0.641,0.0549,0.474,113.992,131371,4,2022
"3,5% Ticket",d.w.h,0.691,0.455,2,-7.101,0,0.0619,0.725,0.774,0.133,0.266,81.949,150197,4,2022
Camp,zïp,0.702,0.487,9,-7.196,1,0.0411,0.0584,0.651,0.111,0.527,96.083,175000,4,2022
Balloon,Lawrence Walther,0.637,0.272,4,-11.178,1,0.0434,0.461,0.622,0.208,0.156,60.043,116000,4,2022
Lucky S,Thelonious Coltrane,0.818,0.49,11,-8.022,0,0.0687,0.0942,0.742,0.0805,0.503,82.027,176723,4,2022
Walk the city,Elon Husky,0.554,0.685,9,-6.211,0,0.0636,0.33,0.639,0.42,0.442,80.304,120038,4,2022
Flowerpath,Syrran,0.711,0.188,5,-14.131,1,0.0639,0.937,0.836,0.106,0.227,72.01,123385,4,2022
Lakes,Lou Vega,0.844,0.262,6,-10.577,0,0.0714,0.766,0.785,0.0888,0.316,88.001,152727,4,2022
Bonsai,Chill&Go,0.763,0.406,8,-15.704,1,0.081,0.195,0.431,0.188,0.455,135.988,116471,4,2022
baby x3,wallyPDF,0.748,0.248,4,-17.471,1,0.0671,0.903,0.904,0.772,0.725,140.976,122553,4,2022
Saveur Peche,Two Muses After,0.688,0.67,1,-8.523,0,0.072,0.566,0.0452,0.12,0.531,88.127,151051,4,2022
Blinding Lights,Greco Murillo,0.732,0.43,0,-10.85,0,0.0342,0.799,0.887,0.0913,0.299,144.937,121655,4,2022
Lilsved,Emotional thistle,0.634,0.474,2,-11.142,0,0.185,0.278,0.00457,0.163,0.626,179.783,156000,4,2022
Dreamland,Goloise,0.629,0.267,8,-18.612,0,0.0505,0.927,0.859,0.106,0.623,89.99,150333,4,2022
piece of you,Jadu Jadu,0.713,0.354,9,-12.934,0,0.0515,0.711,0.918,0.0754,0.306,140.022,169714,4,2022
nothing is like it seems,keseki,0.66,0.407,2,-13.241,1,0.044,0.754,0.732,0.11,0.147,87.039,144053,4,2022
Endless,Signature D,0.702,0.299,5,-6.288,1,0.0381,0.915,0.901,0.361,0.39,78.018,124615,4,2022
Hold Up,Inversion,0.663,0.412,11,-5.501,0,0.0313,0.681,0.822,0.102,0.302,145.952,78904,4,2022
Out Of Town,Sebastian Kamae,0.656,0.283,7,-9.247,1,0.0339,0.92,0.909,0.117,0.063,120.093,186000,4,2022
The Trees Listen,Knowh3r3,0.288,0.199,11,-26.156,0,0.0624,0.812,0.93,0.131,0.157,69.917,164571,4,2022
Days Off,Moose Dawa,0.432,0.466,5,-9.837,1,0.0601,0.762,0.895,0.105,0.249,79.936,90095,4,2022
Morena,Palmasur,0.599,0.386,0,-11.828,0,0.0671,0.682,0.75,0.476,0.318,85.091,149647,4,2022
drippin goo,flamingo zamperoni,0.629,0.304,10,-10.319,1,0.187,0.862,0.879,0.141,0.381,61.525,102000,4,2022
Campfire Tales,Katashi Kaitō,0.577,0.184,5,-15.235,0,0.0382,0.708,0.863,0.217,0.461,172.246,162560,4,2022
Day at a time,Angry Apple,0.747,0.209,11,-13.847,0,0.0797,0.797,0.879,0.0898,0.644,88.025,109091,4,2022
Ivk,elevenprs,0.622,0.458,9,-9.64,0,0.348,0.7,0.763,0.11,0.784,156.189,86230,4,2022
The Afternoon,Boztown,0.631,0.528,7,-9.219,1,0.0456,0.0856,0.157,0.289,0.357,80.043,127333,4,2022
Agave,Chill&Go,0.734,0.514,9,-10.139,0,0.0326,0.889,0.727,0.123,0.374,126.017,155363,4,2022
Certificate no015 (DYVN Remix),Muni,0.779,0.717,8,-7.291,1,0.214,0.0535,0.233,0.428,0.959,152.021,139342,4,2022
Lost in Lyon,Jam'addict,0.515,0.145,7,-17.86,0,0.0415,0.954,0.914,0.101,0.11,81.992,128781,4,2022
Love comes true,Snowji,0.632,0.114,8,-20.839,0,0.0744,0.687,0.902,0.0946,0.626,81.999,112059,4,2022
Ghost,Glenn Astro,0.475,0.368,7,-14.493,0,0.154,0.586,0.626,0.491,0.474,185.858,192921,1,2022
Arctic Blues,Soupbox,0.645,0.145,5,-17.91,0,0.0327,0.631,0.875,0.126,0.44,88.013,159596,4,2022
Last Night,IROCC,0.841,0.332,0,-11.206,1,0.129,0.883,0.87,0.117,0.392,93.11,166965,4,2022
Got It All Wrong,Dualizm,0.533,0.258,4,-14.379,0,0.291,0.304,0.612,0.076,0.581,81.862,147805,4,2022
Walking In The Rain,KLIM,0.614,0.446,4,-11.248,0,0.0525,0.0558,0.33,0.141,0.383,87.174,154227,4,2022
Spectrum,low&slow,0.9,0.243,9,-6.498,0,0.0438,0.264,0.806,0.123,0.402,110.124,141388,4,2022
Stayon,Richie Rych,0.744,0.451,9,-9.289,0,0.0309,0.0285,0.845,0.128,0.437,87.993,120000,4,2022
Glowing Hearts,Sátyr,0.332,0.234,1,-14.836,1,0.0343,0.961,0.952,0.0982,0.0447,145.474,155980,4,2022
space jazz,fresh from the moon,0.651,0.517,0,-12.912,1,0.0381,0.228,0.875,0.138,0.479,84.979,138000,4,2022
Städterboy,Bokoya,0.553,0.185,9,-13.499,1,0.0665,0.425,0.886,0.0794,0.632,83.071,169760,4,2022
Solar defrag,Raul Coca,0.643,0.387,2,-14.42,1,0.0942,0.281,0.822,0.114,0.296,85.103,100235,4,2022
Fallen Leaves,sumishii,0.731,0.237,3,-12.128,0,0.461,0.646,0.9,0.116,0.858,136.414,123077,1,2022
Kintsugi,Konteks,0.583,0.511,7,-13.281,0,0.0442,0.649,0.943,0.336,0.64,80.252,158509,4,2022
Feather,Sweet Medicine,0.743,0.209,2,-20.037,1,0.0395,0.903,0.956,0.0809,0.18,120.052,160000,4,2022
Flower,Vincent Rayn,0.736,0.185,7,-9.005,1,0.0953,0.867,0.895,0.11,0.263,88.004,112875,4,2022
Actually There Is No Frame,High John,0.511,0.357,0,-16.154,1,0.284,0.157,0.00879,0.441,0.466,74.152,202143,4,2022
Flying Rivers,Hugo,0.645,0.637,4,-9.49,0,0.0318,0.151,0.855,0.114,0.145,142.184,138842,4,2022
Cloud 9,SYNC.EXE,0.715,0.2,0,-12.85,1,0.458,0.71,0.925,0.115,0.328,77.02,159205,3,2022
bouquet,B-Side,0.615,0.279,0,-13.857,1,0.0368,0.875,0.865,0.099,0.23,101.996,141887,4,2022
Horizon,Mylo B,0.765,0.188,7,-13.869,0,0.0816,0.942,0.907,0.0848,0.76,156.044,147700,3,2022
On the road,tip gin,0.693,0.187,4,-11.312,1,0.0954,0.422,0.669,0.12,0.343,160.087,144000,4,2022
On the sidelines,Breaksky,0.831,0.475,0,-16.473,0,0.0431,0.538,0.78,0.112,0.624,86.058,160400,4,2022
Fantasía,Dj J.L.P,0.693,0.465,1,-7.633,1,0.0356,0.705,0.628,0.127,0.326,84.967,114352,4,2022
heatwave,kubi,0.547,0.0106,5,-29.676,0,0.0453,0.889,0.389,0.129,0.046,70.07,123429,3,2022
The Good Life,Civin,0.725,0.318,9,-9.67,0,0.0832,0.575,0.882,0.0846,0.669,85.046,117882,4,2022
Dizzy Dreams,Bird Svensøn,0.67,0.185,9,-16.523,1,0.126,0.919,0.932,0.0999,0.694,84.866,117000,4,2022
Brappo,Glenn Astro,0.776,0.476,6,-10.982,0,0.318,0.298,0.924,0.0748,0.96,157.979,138947,4,2022
Angel,Jmss,0.69,0.321,4,-14.501,1,0.0728,0.668,0.763,0.0958,0.624,140.179,109714,4,2022
Hummin' Blue,yourcousin,0.63,0.149,1,-18.549,1,0.0356,0.849,0.917,0.127,0.781,156.05,123077,4,2022
Floaters,Brenky,0.604,0.182,0,-20.915,1,0.049,0.916,0.828,0.0638,0.687,144.341,103805,4,2022
streets,lomix,0.514,0.277,2,-10.969,1,0.272,0.917,0.705,0.0965,0.27,204.206,116471,4,2022
Blue Sky,Frans Manen,0.722,0.426,9,-10.692,0,0.0756,0.647,0.865,0.0929,0.467,140.086,142821,4,2022
Missed Calls,Ben Jammin' Beats,0.678,0.23,1,-10.041,0,0.0605,0.713,0.0724,0.191,0.564,139.949,96595,4,2022
Blue Swirls,keseki,0.54,0.213,0,-15.357,1,0.0393,0.939,0.931,0.104,0.174,74.003,148620,4,2022
Summertime Madness,Matt Large,0.653,0.959,0,-3.884,0,0.0501,0.0082,0.71,0.0793,0.895,181.959,200431,4,2022
Monday,BB Queen,0.798,0.502,0,-7.052,1,0.206,0.541,0.957,0.181,0.33,169.906,113647,4,2022
Flying Dolphin,Blue Fox,0.507,0.353,6,-12.972,0,0.203,0.886,0.748,0.365,0.566,80.162,172000,4,2022
Loosen Up,sfeerbeer,0.917,0.521,8,-11.558,1,0.101,0.321,0.88,0.091,0.963,143.979,106667,4,2022
City In Motion,Senn,0.689,0.357,2,-16.808,0,0.0638,0.35,0.672,0.0578,0.117,145.898,107671,4,2022
Moon Man,Silk Banter,0.768,0.122,5,-12.057,0,0.157,0.287,0.38,0.11,0.534,84.993,137011,4,2022
forest,Uli Tiro,0.679,0.331,7,-11.378,1,0.044,0.91,0.588,0.149,0.145,90.068,111333,4,2022
verano,Tau,0.875,0.486,1,-11.895,0,0.0363,0.841,0.86,0.703,0.573,99.995,158400,4,2022
morning,Sarent,0.787,0.215,9,-17.058,0,0.364,0.942,0.541,0.168,0.542,78.006,110785,4,2022
Trying,Linkrust,0.749,0.287,5,-7.804,0,0.0358,0.601,0.701,0.129,0.593,85.995,196079,4,2022
Utopias,Yoga at the Disco,0.783,0.369,11,-8.565,0,0.175,0.72,0.884,0.102,0.51,89.96,142667,4,2022
Sleepy Bee,furry pearls,0.383,0.222,11,-19.255,1,0.294,0.838,0.766,0.0897,0.494,144.179,94267,4,2022
Thoughts,Nico Harris,0.617,0.43,6,-12.574,0,0.0445,0.38,0.384,0.198,0.263,100.101,155877,4,2022
Cloud Remedy: Transfix,Kabuki,0.732,0.377,6,-3.82,0,0.0596,0.00667,0.752,0.116,0.713,89.997,240000,4,2022
Fair Bet,Astairé,0.915,0.452,1,-8.918,0,0.072,0.352,0.902,0.178,0.691,141.949,123433,4,2022
Mint Tea,Osive,0.734,0.206,9,-19.782,0,0.256,0.891,0.232,0.15,0.477,90.043,129333,4,2022
Shrub,B-Side,0.807,0.303,0,-10.448,0,0.116,0.524,0.895,0.117,0.187,81.048,144414,4,2022
Parrots and Peaches,FLKS,0.69,0.371,9,-11.23,0,0.0594,0.241,0.919,0.12,0.33,169.886,126356,4,2022
lucky monkey,archipelago beats,0.742,0.746,1,-11.77,0,0.058,0.764,0.869,0.084,0.698,90.027,133333,4,2022
Questions,Alsogood,0.634,0.302,11,-14.803,0,0.0691,0.791,0.89,0.106,0.736,82.021,140488,4,2022
hum,Fuyu,0.78,0.0937,1,-16.58,1,0.238,0.792,0.94,0.101,0.673,79.964,108000,4,2022
Longing,Jelly Soul,0.605,0.195,11,-12.099,0,0.068,0.683,0.688,0.132,0.357,169.914,135984,4,2022
Dimensions,YetBaby,0.726,0.455,5,-10.771,0,0.0464,0.314,0.529,0.117,0.911,70.041,134452,4,2022
Apple Pie,Zoulzest,0.648,0.365,2,-12.467,1,0.0335,0.325,0.85,0.119,0.27,85.014,104509,4,2022
Wilting Fruit,Am Froggo,0.571,0.398,10,-10.861,0,0.0976,0.763,0.866,0.121,0.447,79.988,114750,4,2022
Satellites,pnkcité,0.513,0.121,4,-12.546,0,0.0316,0.927,0.912,0.0898,0.122,139.801,123429,4,2022
un día más,Jiony,0.736,0.259,9,-14.165,0,0.0502,0.578,0.831,0.112,0.15,128.01,150186,4,2022
Tokyo,Wilczynski,0.676,0.309,3,-12.465,0,0.0466,0.147,0.918,0.0861,0.227,78.005,151827,4,2022
Labyrinth,SYNC.EXE,0.479,0.189,6,-19.324,1,0.115,0.791,0.86,0.107,0.314,61.953,142611,3,2022
Breathless,Sátyr,0.624,0.272,9,-13.63,0,0.0351,0.927,0.943,0.108,0.0501,78.002,166154,4,2022
Hometown Paradise,Two Muses After,0.68,0.522,9,-9.581,0,0.237,0.85,0.0865,0.376,0.278,79.973,157453,4,2022
Immerse,skyswimming,0.465,0.112,3,-13.368,1,0.293,0.357,0.893,0.113,0.803,170.295,125059,4,2022
Stuck,Chamon,0.771,0.576,8,-7.786,0,0.129,0.319,0.689,0.115,0.458,85.008,160949,4,2022
Ghostin',Glenn Astro,0.807,0.217,11,-11.026,1,0.0926,0.741,0.685,0.157,0.568,74.163,104510,4,2022
Tram,Nalim,0.849,0.507,9,-7.762,0,0.125,0.875,0.883,0.107,0.55,90.009,64007,4,2022
Skylines,K-Town Rollers,0.34,0.381,9,-11.26,0,0.0874,0.976,0.896,0.169,0.269,80.296,123133,4,2022
Elephant Dream,Spectateur,0.616,0.518,2,-9.907,0,0.0433,0.00594,0.769,0.177,0.255,90.048,173360,4,2022
full moon,alfrer,0.638,0.107,9,-15.946,0,0.0399,0.702,0.969,0.11,0.0478,129.963,134769,4,2022
noon,Otis Ubaka,0.655,0.326,1,-10.107,0,0.0257,0.701,0.305,0.126,0.117,100.009,148800,4,2022
How Much For This,Czapter,0.607,0.138,0,-17.498,0,0.0445,0.951,0.847,0.111,0.042,139.923,125143,4,2022
Magnitude,Kabuki,0.532,0.664,1,-10.773,1,0.0297,0.0222,0.84,0.12,0.882,143.968,166667,4,2022
Tsuki,ONO1,0.609,0.227,0,-11.815,1,0.0546,0.959,0.948,0.0921,0.595,69.944,130286,4,2022
Home,Maître Renard,0.763,0.351,4,-7.105,0,0.0585,0.75,0.6,0.0953,0.27,83.526,120719,4,2022
abbey soul,buggy beats,0.768,0.361,2,-7.771,0,0.31,0.237,0.772,0.105,0.87,169.941,147008,4,2022
Intro Flip #2,Jasper Keeling,0.805,0.594,11,-7.121,0,0.06,0.734,0.907,0.326,0.714,87.989,139261,4,2022
Mubin,Yuzostate,0.672,0.522,11,-10.16,0,0.0489,0.0623,0.779,0.107,0.938,172.021,94884,4,2022
Journey,Lushi,0.846,0.386,9,-12.356,0,0.0946,0.811,0.892,0.17,0.694,140.045,140786,4,2022
Birdsong,reverted juggles,0.867,0.168,1,-14.465,1,0.149,0.937,0.932,0.109,0.875,78.155,140375,3,2022
Light Blue,Bobby Dreamz BIG,0.782,0.477,2,-9.085,0,0.0401,0.0999,0.748,0.102,0.369,139.913,157714,4,2022
Wonderful Day,Kind Puppy,0.681,0.622,1,-9.24,0,0.0545,0.83,0.921,0.124,0.344,79.993,144000,4,2022
A Man Who Believed in Dreams,Moonspatz,0.773,0.549,9,-12.097,1,0.258,0.778,0.498,0.118,0.664,139.994,112648,4,2022
Back In Time,Florence Ada,0.577,0.337,1,-13.491,1,0.197,0.937,0.926,0.127,0.235,78.889,94177,4,2022
Cunimondo,Wun Two,0.787,0.351,2,-17.261,1,0.0393,0.689,0.797,0.111,0.799,134.067,114576,4,2022
Not Now,Inversion,0.557,0.79,2,-6.385,1,0.12,0.109,0.846,0.157,0.626,131.002,131908,4,2022
Colorful Place - Lofi Minecraft Music,LoCraft,0.632,0.139,7,-19.093,1,0.0383,0.89,0.846,0.117,0.234,67.988,186231,4,2022
Slam-Dunk,Chill Moon Music,0.44,0.434,1,-12.664,1,0.0915,0.88,0.036,0.14,0.425,83.368,87212,4,2022
"My House, Your Rules",Mean Dartin,0.627,0.636,9,-7.502,0,0.0265,0.336,0.936,0.115,0.637,86.729,134256,4,2022
Penumbra,Pishku,0.677,0.5,11,-8.307,0,0.0439,0.244,0.857,0.558,0.085,82.041,125853,4,2022
park bench,evän,0.586,0.144,6,-15.102,1,0.0586,0.955,0.929,0.0879,0.308,90.018,120604,4,2022
IV,Tom Hodge,0.292,0.261,3,-16.877,0,0.0382,0.906,0.931,0.0889,0.0374,109.953,288391,3,2022
Dumbo,Pausa Psi,0.781,0.325,0,-8.523,1,0.11,0.406,0.907,0.201,0.189,170.039,141176,3,2022
vwls,Amroa,0.837,0.277,2,-15.136,1,0.103,0.793,0.917,0.367,0.435,79.993,117008,4,2022
Treviso,Marcos Caixa,0.681,0.142,11,-13.785,0,0.231,0.532,0.776,0.261,0.184,84.97,172537,4,2022
Lazy Resolution,Funshine,0.697,0.832,11,-4.922,1,0.174,0.541,0.842,0.525,0.514,190.046,133895,4,2022
lunar,pepperonibeats,0.571,0.3,0,-13.742,1,0.0314,0.795,0.871,0.11,0.09,77.521,126968,4,2022
Halfway There,SōNE,0.716,0.706,6,-7.462,0,0.0749,0.278,0.842,0.669,0.86,152.054,132689,4,2022
little dove,Wave Five,0.845,0.388,1,-5.161,1,0.0447,0.272,0.171,0.11,0.259,74.998,129600,1,2022
summer forever,CHG,0.72,0.193,0,-17.202,1,0.181,0.947,0.905,0.14,0.343,167.9,142857,4,2022
Escolta,Devaloop,0.808,0.353,9,-8.839,1,0.0843,0.847,0.948,0.108,0.597,174.069,126207,3,2022
Hello Girl,Abstract Goddess,0.661,0.391,3,-9.618,0,0.0375,0.919,0.39,0.118,0.352,73.064,108527,4,2022
Neptune Canyon,Lofi Astronaut,0.733,0.227,4,-23.275,0,0.0389,0.583,0.899,0.118,0.146,142.032,177465,4,2022
dolphin dance,Walterwarm,0.652,0.117,5,-11.133,1,0.122,0.513,0.913,0.609,0.454,81.04,114419,4,2022
sunrise,mellan.,0.73,0.354,6,-13.867,0,0.0915,0.669,0.737,0.107,0.548,83.048,105542,4,2022
Colorfornication,sumishii,0.802,0.298,9,-9.649,0,0.206,0.713,0.942,0.154,0.662,172.049,133875,4,2022
Until The Morning Comes,Mama Aiuto,0.522,0.6,9,-7.762,1,0.0863,0.0945,0.573,0.135,0.314,162.006,192600,4,2022
Coastline,Nuncc,0.64,0.217,2,-17.608,0,0.0399,0.733,0.947,0.134,0.0708,79.995,155950,4,2022
That'll Do,Pandaw,0.555,0.343,10,-10.997,1,0.0357,0.955,0.864,0.113,0.527,159.833,112600,3,2022
written dreams,raw.beatart,0.763,0.29,7,-13.926,0,0.07,0.0686,0.398,0.115,0.548,78.003,123077,4,2022
Bésame Mucho Lo-Fi,Chill Akiles,0.555,0.322,3,-11.194,0,0.0338,0.741,0.873,0.142,0.151,91.998,196521,4,2022
moon dance,Kinissue,0.598,0.21,7,-18.456,1,0.0401,0.89,0.201,0.16,0.284,145.985,121659,4,2022
Mid 90's,Matija Lazic,0.747,0.412,1,-13.24,1,0.269,0.381,0.743,0.37,0.582,87.999,106364,4,2022
Slow & Low,Zen Park,0.579,0.147,8,-22.849,0,0.352,0.962,0.725,0.11,0.384,80.041,96680,4,2022
Leaves,Polo Stay,0.739,0.288,2,-11.226,0,0.305,0.436,0.154,0.14,0.686,173.962,102069,4,2022
achoo,Pistachio,0.794,0.337,7,-7.627,1,0.0543,0.736,0.932,0.107,0.361,89.976,130208,4,2022
Rising Sun,Maître Renard,0.719,0.537,0,-9.457,1,0.255,0.154,0.444,0.0988,0.388,76.497,180392,4,2022
Sunday Morning,La Cantina,0.6,0.339,8,-9.694,1,0.0246,0.863,0.875,0.0825,0.506,84.839,126000,4,2022
Oceanside,Floyo,0.713,0.381,4,-10.304,1,0.198,0.424,0.201,0.114,0.207,75.052,104000,4,2022
Showdown,< b a r u b e a t >,0.78,0.496,10,-10.066,1,0.0878,0.0907,0.888,0.121,0.708,149.849,144200,4,2022
The whispers,oktav.,0.782,0.309,9,-13.26,1,0.0858,0.856,0.572,0.0984,0.476,75.023,147200,4,2022
give it time,nidyu.,0.58,0.201,0,-14.368,0,0.0376,0.966,0.251,0.102,0.0979,171.857,150698,4,2022
Take The Elevator,Remulak,0.869,0.559,1,-9.273,0,0.271,0.477,0.294,0.109,0.854,87.867,109320,4,2022
plainpaperplane,Fletcher Reed,0.72,0.395,8,-13.744,0,0.0577,0.688,0.888,0.626,0.802,83.998,143389,4,2022
Empty Moon,Nosllyah,0.624,0.289,0,-18.644,1,0.0596,0.923,0.788,0.069,0.0968,95.863,160000,5,2022
on my way home,clay house,0.598,0.443,0,-9.56,1,0.0382,0.78,0.89,0.272,0.446,89.047,140225,4,2022
After Happy Hour,Pablo SWE,0.743,0.467,3,-8.561,1,0.0381,0.944,0.801,0.107,0.338,89.986,132556,4,2022
Baert,Oslo,0.729,0.185,10,-19.245,1,0.255,0.499,0.88,0.107,0.928,157.95,100253,4,2022
Brisa,B.L.U.N.T.S,0.718,0.373,3,-9.162,0,0.0377,0.645,0.915,0.11,0.608,151.916,117630,4,2022
Goodbye,Spaceman,0.608,0.217,1,-12.168,0,0.0303,0.73,0.787,0.101,0.466,102.058,183005,4,2022
Drifting Away,Brad Enbata,0.551,0.156,2,-20.129,1,0.0332,0.873,0.917,0.111,0.0446,155.978,142000,3,2022
Not So Thoughtful,ᴄᴀᴍᴏᴍɪʟʟᴀ,0.816,0.309,4,-13.846,0,0.0598,0.708,0.714,0.416,0.679,129.885,94154,4,2022
McCoy the Master,dsntf,0.751,0.488,7,-10.592,0,0.0962,0.358,0.885,0.292,0.583,85.02,115765,4,2022
Turn Up The Jazz,Mr. Freed,0.703,0.474,11,-10.559,1,0.0553,0.135,0.792,0.125,0.757,86.005,129070,4,2022
Golden hour,Lunatic Sad,0.622,0.572,7,-9.199,0,0.0342,0.87,0.871,0.147,0.184,73.995,137635,4,2022
More Than This,Mike Gusavo,0.754,0.224,0,-10.132,0,0.0553,0.827,0.884,0.108,0.338,74.991,158200,4,2022
Miles,BNMO,0.634,0.283,9,-10.406,0,0.0508,0.603,0.693,0.0826,0.545,90.934,141758,4,2022
flowerbap,MZERA,0.688,0.122,6,-15.93,1,0.1,0.893,0.956,0.0985,0.723,79.952,120000,4,2022
Herbes de Soleil,NEWPORT,0.827,0.484,0,-10.873,0,0.0885,0.551,0.913,0.105,0.375,125.875,138095,4,2022
Come Correct,"Sarah, the Illstrumentalist",0.772,0.596,0,-7.105,1,0.229,0.369,0.285,0.127,0.469,91.064,129868,4,2022
Sweet,Kasimir,0.652,0.318,4,-14.362,0,0.0564,0.961,0.934,0.0974,0.514,150.13,118400,4,2022
Jazzy Bar,Jost Esser,0.569,0.246,0,-12.328,0,0.0383,0.811,0.884,0.104,0.338,82.056,120000,4,2022
All Love,Butter,0.656,0.503,11,-9.431,1,0.0864,0.118,0.828,0.0737,0.916,75.938,83859,4,2022
Alkaline,Corduroy Egg,0.766,0.552,4,-9.97,1,0.128,0.773,0.936,0.15,0.678,83.027,126506,3,2022
Cantaloupe,paris91,0.68,0.644,2,-7.68,1,0.094,0.086,0.735,0.355,0.736,84.962,106059,4,2022
Life's Better Outside,Mimu,0.619,0.253,3,-12.753,0,0.0552,0.534,0.934,0.114,0.562,150.131,192008,4,2022
clear blue sky,Hicut Lopass,0.735,0.324,7,-12.177,1,0.0653,0.688,0.932,0.161,0.663,82.997,124699,4,2022
When We Met,Korey Wade,0.735,0.584,4,-8.872,0,0.0983,0.85,0.279,0.153,0.578,79.007,124557,4,2022
Get Around,Midan,0.755,0.335,1,-9.003,1,0.0402,0.715,0.861,0.107,0.6,80.987,118519,4,2022
Heat,luxelux,0.769,0.341,1,-13.167,1,0.243,0.329,0.707,0.103,0.435,143.973,144375,4,2022
Hamaca,Chill&Go,0.741,0.517,3,-11.825,1,0.052,0.727,0.815,0.311,0.42,115.063,127304,4,2022
Dynosaw,Kuartz,0.745,0.443,10,-5.755,0,0.343,0.147,0.824,0.0849,0.641,177.996,175281,4,2022
Thinking Of Pete,Mamoosh,0.455,0.484,9,-11.5,1,0.0308,0.641,0.912,0.15,0.284,78.0,175227,4,2022
Spring kisses,KojimaBeats,0.833,0.303,11,-14.674,0,0.188,0.781,0.743,0.136,0.481,77.98,181317,4,2022
Just Say,Silk Banter,0.708,0.115,0,-9.935,0,0.0951,0.206,0.864,0.102,0.661,81.049,148148,4,2022
Nights Out,LoFiPøwder,0.814,0.6,1,-7.612,1,0.232,0.136,0.75,0.0458,0.945,85.021,117176,4,2022
Out of Time,yengotti,0.876,0.652,1,-9.552,1,0.193,0.37,0.889,0.0588,0.608,95.008,149053,4,2022
Committed To The Beat,Spiral Groove,0.634,0.406,2,-15.183,0,0.124,0.932,0.948,0.108,0.591,83.02,107910,4,2022
Florianopolis,Erik Obregon,0.627,0.438,11,-10.342,1,0.0561,0.589,0.87,0.151,0.389,169.925,179241,4,2022
Little Green Lady,Howie Doowin,0.641,0.38,8,-12.156,1,0.062,0.425,0.889,0.359,0.706,140.296,111442,4,2022
Pounentes,Billa Qause,0.817,0.547,6,-12.351,1,0.101,0.0823,0.729,0.152,0.697,87.006,160068,4,2022
nacho problem,JoJo Mojo,0.398,0.546,5,-6.979,0,0.0518,0.665,0.967,0.224,0.415,159.819,131866,4,2022
Phase 3,DIRTYTHREE,0.702,0.426,1,-3.648,0,0.152,0.393,0.0998,0.76,0.548,156.102,178462,4,2022
Deep Horizon,Arkx,0.579,0.385,6,-13.017,0,0.0434,0.816,0.91,0.116,0.144,170.022,168457,4,2022
Situations,Yami Maho,0.689,0.379,10,-14.422,0,0.0396,0.854,0.905,0.11,0.454,147.95,220541,4,2022
Bones,Flapjaques,0.563,0.262,3,-18.676,1,0.0514,0.901,0.852,0.104,0.14,61.499,126830,4,2022
Dreams Of Rio,Howie Doowin,0.864,0.384,0,-12.838,0,0.0624,0.77,0.871,0.138,0.389,114.037,138947,4,2022
Big Tree,TyLuv.,0.538,0.333,5,-16.96,0,0.0416,0.897,0.818,0.0975,0.223,139.899,133714,4,2022
Washington,Lofi Cities,0.696,0.372,0,-13.908,1,0.0526,0.824,0.288,0.0843,0.268,130.028,136615,4,2022
Bumblebee,J. Lorenzo,0.554,0.305,5,-13.822,1,0.0426,0.937,0.799,0.102,0.483,180.061,130666,4,2022
Grey,Prtcls,0.725,0.373,7,-7.868,0,0.0463,0.472,0.865,0.0598,0.535,160.113,115628,4,2022
Daytrip,Cutecake,0.71,0.528,0,-9.972,0,0.0689,0.366,0.922,0.118,0.459,175.617,121738,4,2022
La Calma,NEWPORT,0.83,0.485,8,-13.063,1,0.184,0.482,0.47,0.101,0.676,148.98,132886,4,2022
1890,Nalim,0.91,0.198,1,-7.679,1,0.709,0.94,0.946,0.0926,0.796,90.042,74674,4,2022
Stay,Brad Enbata,0.764,0.256,7,-12.086,1,0.0322,0.953,0.936,0.123,0.204,145.973,160000,4,2022
I Just Need Some Rest,Clipsheet,0.676,0.325,9,-10.073,0,0.039,0.929,0.949,0.105,0.624,78.024,113926,4,2022
Waves,Bjorn Slips,0.66,0.297,4,-10.651,0,0.0299,0.276,0.899,0.105,0.141,79.957,138000,4,2022
outer star,ideism,0.805,0.686,11,-10.577,0,0.0469,0.391,0.936,0.086,0.755,126.989,117248,4,2022
marcella daydreaming,rec.memos,0.539,0.306,2,-15.403,1,0.0467,0.77,0.901,0.109,0.515,208.06,170769,4,2022
Who Am I (eh-eh) - Beat Edit,Koralle,0.652,0.343,7,-13.816,1,0.0616,0.0986,0.866,0.121,0.176,86.069,168467,4,2022
Palm Trees,Raj,0.809,0.502,2,-9.281,0,0.0747,0.872,0.913,0.057,0.294,89.994,92000,4,2022
Skypiea Chill,O.Z.W,0.662,0.177,2,-19.393,0,0.04,0.242,0.143,0.117,0.12,81.02,165941,4,2022
Don't Stray Away,1930,0.662,0.318,4,-9.263,0,0.0644,0.799,0.873,0.124,0.0357,83.979,137859,4,2022
Denfer,Lofries,0.64,0.5,7,-9.521,1,0.0674,0.808,0.926,0.101,0.407,88.021,111818,4,2022
Delayed,Polo Stay,0.835,0.276,6,-12.471,1,0.322,0.129,0.842,0.109,0.782,86.122,117209,4,2022
Kaffee,Jokujekku,0.623,0.231,9,-13.127,0,0.0651,0.806,0.757,0.124,0.522,108.598,123871,1,2022
Mañana Azul,L.Rey,0.629,0.0535,9,-23.848,1,0.377,0.877,0.299,0.0981,0.359,156.209,112308,4,2022
Blue Waves,Yung Dark,0.834,0.5,8,-14.804,0,0.473,0.924,0.426,0.166,0.465,158.026,91139,4,2022
After Hours,Adrian Planitz,0.795,0.444,0,-8.536,0,0.0578,0.56,0.904,0.116,0.676,153.975,141039,4,2022
nefelibata,Maydee,0.553,0.207,0,-16.21,1,0.205,0.946,0.841,0.195,0.361,158.087,133687,4,2022
light breeze,damaa.beats,0.781,0.261,3,-9.949,1,0.0411,0.687,0.553,0.256,0.342,82.041,169931,4,2022
Osaka Nights,Sineg,0.746,0.185,7,-11.615,0,0.0563,0.282,0.912,0.141,0.592,78.128,116749,4,2022
Vanilla Frosting,Supreme.Frost,0.673,0.415,8,-12.206,0,0.381,0.576,0.747,0.158,0.657,84.187,175000,4,2022
Broadway Walk,Mindscape,0.694,0.294,8,-12.867,0,0.144,0.297,0.931,0.179,0.6,88.045,136036,4,2022
Golden Sun,Yung Dark,0.745,0.25,11,-12.124,0,0.377,0.937,0.478,0.103,0.407,100.073,98000,4,2022
Kantan,ONO1,0.704,0.579,9,-7.563,0,0.0279,0.513,0.752,0.0996,0.512,74.979,106400,4,2022
Same Old Vibe,Dolittlebeats,0.673,0.283,0,-10.183,0,0.0571,0.672,0.886,0.11,0.603,80.089,120000,4,2022
Territorium,entsy,0.633,0.485,0,-6.564,0,0.033,0.908,0.628,0.498,0.284,76.025,131369,4,2022
Seguro,how c,0.477,0.201,7,-12.808,1,0.133,0.191,0.856,0.105,0.641,164.44,93162,4,2022
As I watched the moon,after noon,0.583,0.28,4,-18.045,1,0.0316,0.836,0.915,0.119,0.0617,103.977,165000,4,2022
Tequila Wolf,buggy beats,0.679,0.633,0,-16.854,1,0.0911,0.883,0.787,0.138,0.616,136.033,127000,4,2022
Nightowl,Konteks,0.734,0.409,7,-9.645,0,0.0702,0.0338,0.824,0.755,0.335,84.007,148571,4,2022
Bolero coqueto,Iván Rosa,0.744,0.521,6,-8.419,1,0.0433,0.827,0.93,0.0833,0.743,79.025,135163,4,2022
Portalis (with Eve Matin),Selvagia,0.485,0.559,11,-9.429,0,0.053,0.116,0.582,0.194,0.116,120.227,96969,5,2022
Sabato,Sabato Scola,0.891,0.261,3,-16.768,0,0.108,0.733,0.843,0.107,0.701,115.004,159481,4,2022
jueves,RUIDO,0.604,0.019,4,-22.026,0,0.0594,0.94,0.888,0.317,0.425,145.821,120373,4,2022
Joao,Teknicolores,0.733,0.536,0,-8.865,1,0.112,0.108,0.261,0.179,0.74,170.086,141176,4,2022
Rose Arturo,Gritty Marvelettes,0.724,0.368,11,-10.224,1,0.133,0.592,0.858,0.106,0.502,180.069,101333,4,2022
Force Feedback,Lofi Builder,0.742,0.617,10,-8.431,1,0.0561,0.645,0.851,0.11,0.586,93.031,106694,4,2022
Greenpoint,Erik Obregon,0.748,0.457,10,-7.903,1,0.0423,0.202,0.413,0.136,0.485,90.028,128667,4,2022
Visionary,Aykroyd,0.829,0.262,4,-9.146,0,0.126,0.0976,0.896,0.0966,0.159,84.065,160000,4,2022
Lighters on the run,RainDear,0.709,0.477,2,-13.221,1,0.0625,0.721,0.932,0.103,0.218,87.991,131761,4,2022
Kickflip,Keeth,0.652,0.341,8,-10.9,0,0.0743,0.837,0.891,0.0883,0.268,98.051,161829,4,2022
I'm tired,Florida Frank,0.63,0.266,7,-14.81,1,0.0492,0.928,0.909,0.125,0.285,80.115,144000,4,2022
Souls of Seoul,Ecobel,0.548,0.426,7,-12.436,0,0.0332,0.829,0.927,0.118,0.0864,134.006,162421,4,2022
tell me,skrn,0.808,0.478,9,-8.956,1,0.065,0.844,0.665,0.118,0.748,140.025,111429,4,2022
EYES,Silvan Strauss,0.819,0.564,11,-10.42,1,0.11,0.613,0.828,0.109,0.603,95.083,139135,4,2022
supercat,slån,0.603,0.237,1,-12.561,1,0.0418,0.899,0.955,0.0992,0.318,78.962,111266,4,2022
Two on Two,Arlos,0.469,0.587,1,-6.889,0,0.129,0.0739,0.852,0.0953,0.163,79.485,163800,4,2022
Fingerprints,H I K E,0.458,0.364,5,-13.983,0,0.154,0.387,0.798,0.102,0.618,180.174,106761,4,2022
Universal Code,Soupbox,0.515,0.218,3,-9.889,0,0.0426,0.553,0.845,0.143,0.458,85.943,164827,4,2022
Fireworks,SP-Mato,0.768,0.434,7,-9.081,1,0.0745,0.0573,0.376,0.269,0.583,80.056,120000,4,2022
Ocean Spray,Nosmoh,0.761,0.576,7,-11.147,1,0.45,0.383,0.823,0.11,0.218,178.541,165984,4,2022
space,KOLA,0.8,0.295,1,-10.202,0,0.334,0.127,0.759,0.116,0.339,140.098,156000,4,2022
Deixa pra lá,Herr Kaschke,0.864,0.692,7,-6.706,1,0.0666,0.207,0.902,0.0577,0.921,150.026,149406,4,2022
Meezu,Marcos Caixa,0.824,0.221,5,-12.654,1,0.174,0.466,0.881,0.182,0.478,165.977,166301,4,2022
Almost Everyone,asanatobi,0.599,0.657,5,-8.202,1,0.043,0.498,0.837,0.125,0.342,170.069,186706,4,2022
Trip,Bongmaster,0.573,0.34,7,-14.891,0,0.0481,0.404,0.913,0.101,0.477,84.825,112929,4,2022
Lucidez,Solo San,0.59,0.574,9,-9.302,0,0.146,0.775,0.639,0.114,0.805,165.849,147431,4,2022
Suteki,ONO1,0.642,0.417,1,-10.161,1,0.172,0.98,0.192,0.143,0.159,62.998,106667,4,2022
Stay Plugged,Fed Nance,0.768,0.126,9,-14.394,0,0.0572,0.504,0.961,0.0877,0.723,146.071,158000,4,2022
LOVA,Paradive,0.728,0.703,10,-4.945,0,0.0441,0.408,0.896,0.0914,0.837,140.007,116571,4,2022
Umami,Calabrese,0.813,0.199,5,-10.823,0,0.326,0.96,0.942,0.119,0.427,180.045,106667,4,2022
Onewayticket,Duan Wasi,0.695,0.199,8,-19.923,1,0.261,0.883,0.644,0.112,0.702,76.818,106000,4,2022
Ice cream,YetBaby,0.638,0.537,5,-6.171,0,0.0748,0.631,0.76,0.188,0.222,139.922,111455,4,2022
Blufingo,Big Lend,0.698,0.282,10,-12.088,1,0.0359,0.688,0.866,0.318,0.126,80.021,102102,4,2022
onix,tres islas,0.84,0.457,0,-15.464,1,0.204,0.556,0.931,0.0814,0.643,132.937,147970,4,2022
Introversion (Strong Maurice Remix),jawima,0.39,0.418,6,-14.13,1,0.19,0.715,0.919,0.103,0.399,78.275,174000,4,2022
This Way,JkoMusic,0.544,0.687,1,-10.927,1,0.0857,0.171,0.702,0.114,0.763,88.649,164291,4,2022
Rocco,Lownas,0.685,0.599,5,-12.552,1,0.0494,0.102,0.913,0.11,0.792,220.16,152674,3,2022
bitcoin is like meh,citi,0.745,0.0208,9,-24.42,0,0.0811,0.967,0.857,0.084,0.563,99.967,122400,4,2022
Live Euphemism,BLVKEY,0.738,0.387,7,-10.833,0,0.0529,0.827,0.908,0.118,0.119,79.997,147000,4,2022
The Tides,eau n!ce,0.535,0.257,9,-9.712,0,0.105,0.462,0.922,0.112,0.592,159.176,125736,4,2022
8-bit Bliss,7th Indigo,0.789,0.375,1,-10.967,1,0.113,0.816,0.706,0.103,0.197,170.118,139125,4,2022
Mavi,Lito Akari,0.669,0.498,11,-10.648,0,0.0269,0.236,0.887,0.381,0.296,95.025,118772,4,2022
The Optimist,ZooKeepr,0.639,0.51,5,-9.016,1,0.0286,0.378,0.887,0.124,0.336,92.009,126522,4,2022
Lighthouse,YetBaby,0.756,0.355,10,-10.178,0,0.0376,0.542,0.602,0.14,0.0809,70.037,151643,4,2022
What Moves Me,Alexander IV,0.594,0.41,4,-7.058,0,0.0328,0.453,0.825,0.122,0.272,85.012,160996,4,2022
WonderShrooms,Jupiter 22,0.583,0.151,9,-14.279,1,0.0477,0.562,0.901,0.118,0.615,74.991,166400,4,2022
Hold Up,Cvsket Pretty,0.695,0.424,9,-13.049,0,0.0938,0.553,0.891,0.106,0.718,146.016,114286,4,2022
frozen cream,lonely call,0.753,0.338,7,-10.332,0,0.0935,0.654,0.912,0.116,0.862,140.105,129937,4,2022
I'll Be Home,Bobby Jerkins,0.627,0.409,5,-6.753,1,0.18,0.928,0.79,0.118,0.301,80.101,123000,4,2022
Travel,Mathis,0.751,0.31,7,-12.728,1,0.0402,0.775,0.892,0.172,0.208,100.004,154235,4,2022
Love Letter,Sandy Mental,0.71,0.31,4,-12.071,0,0.0269,0.94,0.919,0.119,0.21,98.282,141905,4,2022
vuba vuba,mellan.,0.771,0.263,8,-13.763,0,0.0694,0.964,0.925,0.128,0.686,148.106,113514,4,2022
Synergy,Lofi Astronaut,0.658,0.222,9,-17.6,0,0.0971,0.348,0.893,0.105,0.199,134.006,173731,4,2022
Mondrian,Canapé,0.583,0.399,6,-14.473,1,0.0973,0.962,0.903,0.209,0.72,67.013,125672,4,2022
wakefulness,SanelliX,0.657,0.602,5,-10.434,0,0.0769,0.565,0.88,0.114,0.198,78.06,160176,4,2022
Marble Syrup,Monsieur Crème,0.432,0.427,5,-8.8,1,0.046,0.627,0.813,0.268,0.289,159.767,135375,4,2022
memorias,B dom,0.664,0.155,4,-20.251,1,0.0834,0.00389,0.723,0.194,0.432,75.033,108800,4,2022
Relax Your Mind,Lunatic Sad,0.368,0.378,0,-15.068,1,0.0532,0.936,0.91,0.137,0.166,69.815,141000,4,2022
Walk in the park,H I K E,0.872,0.237,1,-13.936,1,0.0917,0.952,0.78,0.102,0.324,80.004,108157,4,2022
Brova,Jr. Wellness,0.789,0.246,11,-12.629,0,0.0384,0.178,0.952,0.107,0.226,90.02,112000,4,2022
umi,Shimon Hoshino,0.634,0.507,4,-6.642,0,0.0359,0.743,0.848,0.117,0.622,140.13,168000,1,2022
Pink Gap,Lætitia,0.57,0.416,2,-12.073,1,0.0421,0.0253,0.889,0.101,0.0548,84.119,125714,4,2022
Lighter Ocean,Ublom,0.573,0.33,6,-12.797,1,0.0353,0.575,0.851,0.109,0.174,139.964,142652,5,2022
Supernova,SōNE,0.805,0.627,6,-8.612,0,0.427,0.284,0.787,0.11,0.353,154.004,112208,4,2022
To the Shore,Tethys,0.603,0.271,6,-10.958,0,0.0369,0.841,0.82,0.0797,0.222,74.032,123243,4,2022
Camomilla,Elffire,0.697,0.147,7,-15.028,1,0.0612,0.942,0.852,0.0976,0.72,148.051,116757,4,2022
Dust Off,Moqita,0.613,0.869,2,-4.852,1,0.0637,0.0451,0.55,0.22,0.409,93.016,259650,4,2022
Breathe,Osive,0.511,0.394,8,-15.215,0,0.0961,0.819,0.00409,0.473,0.369,78.186,150930,4,2022
Cumulus,KOMOREBI,0.599,0.432,0,-10.269,1,0.0347,0.429,0.916,0.0945,0.17,147.89,141960,4,2022
Next Party,Mysterybops,0.486,0.399,10,-14.032,0,0.036,0.944,0.928,0.0979,0.817,75.031,105700,4,2022
Leaks,Lushi,0.76,0.25,11,-12.75,0,0.0722,0.337,0.918,0.0957,0.274,76.923,171623,4,2022
De noche,Gagdropers,0.688,0.48,9,-9.459,0,0.0406,0.0605,0.774,0.352,0.244,79.985,126000,4,2022
Shone,catch92,0.645,0.824,6,-6.926,0,0.299,0.639,0.821,0.202,0.361,167.957,140000,4,2022
Mikasa Su Casa,Cherrygroove,0.669,0.457,0,-14.545,1,0.0438,0.76,0.799,0.104,0.497,79.997,148500,4,2022
Chocolate Dough,Supreme.Frost,0.909,0.52,0,-11.618,1,0.372,0.161,0.472,0.11,0.764,134.918,93344,3,2022
Bent into Shape,Five Fingers,0.55,0.495,1,-8.386,1,0.0365,0.0174,0.905,0.117,0.458,90.223,141333,4,2022
Escuela Leyes de Reforma,Mariana Red,0.585,0.405,1,-14.131,1,0.0427,0.801,0.911,0.296,0.512,61.781,110500,4,2022
EA,Yung Dark,0.837,0.264,8,-11.996,1,0.129,0.144,0.887,0.0908,0.403,89.987,140882,4,2022
Floating,Lou Vega,0.686,0.393,10,-11.337,0,0.0344,0.894,0.844,0.106,0.314,81.003,142222,4,2022
Colorful,pnkcité,0.471,0.278,11,-16.747,0,0.0343,0.898,0.915,0.114,0.0881,140.146,150857,4,2022
Mustang Vibes,Teknicolores,0.614,0.373,10,-13.249,1,0.188,0.602,0.938,0.226,0.181,137.947,134783,4,2022
Spatial Blur,Gloomi,0.804,0.454,8,-5.032,0,0.741,0.741,0.771,0.116,0.588,165.985,118916,4,2022
Random Memories,Eclips3,0.794,0.355,6,-8.491,0,0.0854,0.146,0.884,0.115,0.222,89.987,125333,4,2022
Beginnings of Spring,Bongmaster,0.602,0.335,5,-17.178,0,0.0394,0.151,0.679,0.161,0.218,148.055,129713,4,2022
Prospect,Abel Cainstro,0.472,0.501,0,-8.829,0,0.142,0.0875,0.55,0.381,0.315,89.917,155333,4,2022
level up,luxelux,0.561,0.436,0,-12.974,0,0.426,0.41,0.495,0.132,0.287,84.556,172000,4,2022
Elephant & Ivory - Vanilla's Version,Les Loups,0.736,0.556,8,-10.061,1,0.064,0.413,0.873,0.356,0.967,92.0,208055,4,2022
whisper,Jadu Jadu,0.527,0.198,10,-19.685,1,0.369,0.787,0.722,0.136,0.136,89.379,134266,4,2022
Rich Soul,Siesta,0.802,0.41,1,-9.216,1,0.148,0.43,0.896,0.123,0.556,85.041,67853,4,2022
Mars,Agu,0.783,0.431,1,-9.541,1,0.0593,0.46,0.87,0.388,0.525,80.036,123000,4,2022
Nine Bullets,Soupbox,0.367,0.381,1,-10.347,0,0.151,0.595,0.865,0.121,0.535,77.846,159500,1,2022
Jazz Cafe,Siesta,0.791,0.284,4,-9.817,0,0.0909,0.393,0.618,0.204,0.399,142.07,111549,4,2022
You and I Will Always Be,Oatmello,0.592,0.304,9,-15.105,0,0.0296,0.747,0.929,0.111,0.167,81.076,142222,4,2022
All Beings United,Oatmello,0.62,0.328,2,-15.076,1,0.0427,0.924,0.763,0.0672,0.115,155.937,125385,4,2022
Profound,KaspaHauser,0.437,0.433,9,-12.135,1,0.0638,0.813,0.149,0.0523,0.124,79.343,147040,4,2022
Soliloquy,Mr. Käfer,0.685,0.384,7,-13.088,1,0.175,0.317,0.699,0.106,0.181,79.029,144475,4,2022
Spirits,Dualizm,0.491,0.33,1,-12.196,1,0.037,0.447,0.627,0.213,0.552,83.094,153253,4,2022
Talk To Me,Uevo,0.678,0.186,9,-9.352,1,0.0345,0.888,0.864,0.105,0.299,74.997,122667,4,2022
Niki's Halva,Jules Hiero,0.733,0.222,0,-14.28,1,0.0385,0.956,0.902,0.0981,0.0978,131.93,140000,4,2022
WonderShrooms,Jupiter 22,0.583,0.151,9,-14.279,1,0.0477,0.562,0.901,0.118,0.615,74.991,166400,4,2022
Fingerprints,H I K E,0.458,0.364,5,-13.983,0,0.154,0.387,0.798,0.102,0.618,180.174,106761,4,2022